timestamp,episode,step,reward,score,epsilon
"2019-08-06 12:11:17,670",0,97,1.8,56,0.499520
"2019-08-06 12:11:22,390",1,242,7.9,43,0.498804
"2019-08-06 12:11:27,178",2,389,10.0,44,0.498079
"2019-08-06 12:11:31,928",3,539,10.7,43,0.497339
"2019-08-06 12:11:36,645",4,683,9.0,43,0.496629
"2019-08-06 12:11:42,152",5,856,11.7,50,0.495776
"2019-08-06 12:11:52,123",6,1171,22.4,94,0.494228
"2019-08-06 12:11:56,814",7,1311,8.1,43,0.493537
"2019-08-06 12:12:01,602",8,1466,11.6,44,0.492773
"2019-08-06 12:12:06,303",9,1611,9.6,43,0.492057
"2019-08-06 12:12:11,684",10,1782,11.8,49,0.491214
"2019-08-06 12:12:18,103",11,1986,14.5,59,0.490210
"2019-08-06 12:12:23,657",12,2162,12.2,51,0.489343
"2019-08-06 12:12:30,455",13,2370,13.4,63,0.488318
"2019-08-06 12:12:35,150",14,2519,10.3,43,0.487583
"2019-08-06 12:12:44,029",15,2798,19.3,83,0.486211
"2019-08-06 12:12:49,027",16,2944,10.1,43,0.485491
"2019-08-06 12:12:53,793",17,3097,11.0,43,0.484737
"2019-08-06 12:12:58,490",18,3243,9.5,43,0.484016
"2019-08-06 12:13:03,776",19,3413,12.2,48,0.483178
"2019-08-06 12:13:09,433",20,3596,13.5,52,0.482277
"2019-08-06 12:13:15,880",21,3802,15.0,59,0.481262
"2019-08-06 12:13:20,612",22,3949,9.5,43,0.480537
"2019-08-06 12:13:25,313",23,4096,9.6,43,0.479812
"2019-08-06 12:13:30,995",24,4276,12.4,52,0.478925
"2019-08-06 12:13:36,888",25,4467,13.9,54,0.477984
"2019-08-06 12:13:41,621",26,4613,9.6,43,0.477264
"2019-08-06 12:13:49,587",27,4866,18.2,74,0.476019
"2019-08-06 12:13:54,282",28,5018,11.2,43,0.475270
"2019-08-06 12:14:01,570",29,5248,16.0,67,0.474138
"2019-08-06 12:14:06,259",30,5399,10.8,43,0.473393
"2019-08-06 12:14:10,985",31,5551,11.1,43,0.472643
"2019-08-06 12:14:16,439",32,5725,12.4,50,0.471786
"2019-08-06 12:14:21,184",33,5876,10.5,43,0.471041
"2019-08-06 12:14:25,908",34,6029,10.9,43,0.470286
"2019-08-06 12:14:30,595",35,6182,11.2,43,0.469532
"2019-08-06 12:14:39,505",36,6461,19.6,83,0.468160
"2019-08-06 12:14:44,168",37,6611,10.8,43,0.467420
"2019-08-06 12:14:48,863",38,6762,10.8,43,0.466675
"2019-08-06 12:14:53,579",39,6917,11.4,43,0.465911
"2019-08-06 12:14:58,302",40,7062,9.0,43,0.465195
"2019-08-06 12:15:03,653",41,7230,11.6,49,0.464367
"2019-08-06 12:15:10,336",42,7447,16.2,62,0.463299
"2019-08-06 12:15:15,039",43,7606,12.8,43,0.462515
"2019-08-06 12:15:20,602",44,7783,12.4,51,0.461643
"2019-08-06 12:15:25,296",45,7933,10.7,43,0.460903
"2019-08-06 12:15:34,294",46,8218,20.5,84,0.459502
"2019-08-06 12:15:39,109",47,8373,11.0,44,0.458737
"2019-08-06 12:15:43,880",48,8529,11.4,43,0.457968
"2019-08-06 12:15:50,613",49,8747,16.2,62,0.456895
"2019-08-06 12:15:57,172",50,8956,15.0,60,0.455866
"2019-08-06 12:16:05,681",51,9225,19.4,79,0.454543
"2019-08-06 12:16:14,068",52,9488,18.4,78,0.453249
"2019-08-06 12:16:23,856",53,9794,21.1,92,0.451745
"2019-08-06 12:16:29,613",54,9980,13.7,53,0.450829
"2019-08-06 12:16:34,401",55,10131,10.2,43,0.450084
"2019-08-06 12:16:39,225",56,10293,13.1,44,0.449285
"2019-08-06 12:16:48,102",57,10584,22.8,83,0.447854
"2019-08-06 12:16:52,861",58,10731,9.4,43,0.447129
"2019-08-06 12:16:59,046",59,10927,13.6,57,0.446164
"2019-08-06 12:17:08,821",60,11242,23.5,92,0.444615
"2019-08-06 12:17:15,694",61,11459,15.7,63,0.443547
"2019-08-06 12:17:20,423",62,11613,11.4,43,0.442788
"2019-08-06 12:17:26,223",63,11797,13.2,53,0.441881
"2019-08-06 12:17:30,933",64,11949,11.0,43,0.441131
"2019-08-06 12:17:35,595",65,12097,10.1,43,0.440401
"2019-08-06 12:17:41,426",66,12287,14.4,53,0.439465
"2019-08-06 12:17:46,123",67,12440,11.4,43,0.438711
"2019-08-06 12:17:50,803",68,12588,10.5,43,0.437981
"2019-08-06 12:17:56,762",69,12781,14.6,55,0.437030
"2019-08-06 12:18:01,557",70,12934,10.7,44,0.436276
"2019-08-06 12:18:11,088",71,13237,22.3,89,0.434786
"2019-08-06 12:18:16,791",72,13416,12.3,52,0.433904
"2019-08-06 12:18:27,519",73,13759,26.1,101,0.432218
"2019-08-06 12:18:34,697",74,13981,15.6,66,0.431126
"2019-08-06 12:18:41,144",75,14183,14.8,59,0.430131
"2019-08-06 12:18:51,758",76,14519,25.9,100,0.428480
"2019-08-06 12:18:56,557",77,14671,10.6,44,0.427730
"2019-08-06 12:19:01,377",78,14820,9.8,44,0.426995
"2019-08-06 12:19:06,109",79,14970,10.3,43,0.426255
"2019-08-06 12:19:12,510",80,15177,15.5,59,0.425236
"2019-08-06 12:19:17,211",81,15322,9.5,43,0.424520
"2019-08-06 12:19:23,684",82,15532,15.9,60,0.423487
"2019-08-06 12:19:29,128",83,15702,11.4,50,0.422649
"2019-08-06 12:19:36,255",84,15934,17.4,66,0.421507
"2019-08-06 12:19:40,945",85,16082,10.2,43,0.420777
"2019-08-06 12:19:46,758",86,16264,13.5,53,0.419880
"2019-08-06 12:19:51,504",87,16414,10.9,43,0.419140
"2019-08-06 12:19:56,215",88,16566,11.1,43,0.418391
"2019-08-06 12:20:05,900",89,16869,21.2,91,0.416901
"2019-08-06 12:20:11,735",90,17055,13.9,54,0.415985
"2019-08-06 12:20:17,515",91,17235,12.8,53,0.415098
"2019-08-06 12:20:23,250",92,17415,13.2,53,0.414211
"2019-08-06 12:20:27,969",93,17562,10.7,43,0.413486
"2019-08-06 12:20:32,698",94,17715,11.5,43,0.412731
"2019-08-06 12:20:37,431",95,17865,10.3,43,0.411991
"2019-08-06 12:20:47,379",96,18169,21.8,93,0.410497
"2019-08-06 12:20:54,037",97,18380,15.6,61,0.409458
"2019-08-06 12:20:59,818",98,18562,13.2,53,0.408561
"2019-08-06 12:21:06,203",99,18769,15.6,59,0.407542
"2019-08-06 12:21:12,715",100,18983,16.6,60,0.406488
"2019-08-06 12:21:19,110",101,19187,15.3,59,0.405484
"2019-08-06 12:21:28,090",102,19471,20.8,84,0.404087
"2019-08-06 12:21:32,825",103,19622,10.7,43,0.403343
"2019-08-06 12:21:42,190",104,19924,22.7,88,0.401858
"2019-08-06 12:21:46,950",105,20075,10.4,43,0.401113
"2019-08-06 12:21:54,006",106,20302,17.1,65,0.399996
"2019-08-06 12:22:00,352",107,20509,15.5,58,0.398977
"2019-08-06 12:22:07,236",108,20730,16.3,63,0.397889
"2019-08-06 12:22:11,958",109,20885,12.0,43,0.397125
"2019-08-06 12:22:21,289",110,21186,22.6,87,0.395645
"2019-08-06 12:22:28,139",111,21401,15.2,63,0.394586
"2019-08-06 12:22:36,353",112,21667,20.2,77,0.393278
"2019-08-06 12:22:43,767",113,21912,19.4,69,0.392073
"2019-08-06 12:22:50,157",114,22113,14.5,59,0.391083
"2019-08-06 12:22:54,854",115,22262,10.7,43,0.390348
"2019-08-06 12:22:59,597",116,22412,10.9,43,0.389608
"2019-08-06 12:23:09,218",117,22720,23.5,90,0.388094
"2019-08-06 12:23:13,890",118,22868,10.2,43,0.387364
"2019-08-06 12:23:18,595",119,23019,10.9,43,0.386619
"2019-08-06 12:23:25,048",120,23229,15.9,59,0.385585
"2019-08-06 12:23:29,790",121,23384,11.8,43,0.384821
"2019-08-06 12:23:35,394",122,23564,13.3,51,0.383934
"2019-08-06 12:23:40,979",123,23744,13.2,51,0.383047
"2019-08-06 12:23:45,774",124,23900,11.6,44,0.382278
"2019-08-06 12:23:50,580",125,24052,10.3,44,0.381528
"2019-08-06 12:23:55,318",126,24207,12.0,43,0.380763
"2019-08-06 12:24:00,246",127,24368,12.2,45,0.379970
"2019-08-06 12:24:07,450",128,24604,18.3,66,0.378808
"2019-08-06 12:24:15,195",129,24852,18.0,72,0.377588
"2019-08-06 12:24:19,931",130,25007,11.6,43,0.376824
"2019-08-06 12:24:28,579",131,25281,20.0,81,0.375476
"2019-08-06 12:24:33,248",132,25431,10.9,43,0.374736
"2019-08-06 12:24:41,747",133,25712,22.4,79,0.373355
"2019-08-06 12:24:53,723",134,26094,28.2,114,0.371478
"2019-08-06 12:24:58,481",135,26250,11.7,43,0.370709
"2019-08-06 12:25:03,205",136,26405,12.1,43,0.369944
"2019-08-06 12:25:07,873",137,26557,11.5,43,0.369195
"2019-08-06 12:25:12,625",138,26711,11.4,43,0.368435
"2019-08-06 12:25:17,357",139,26869,12.6,43,0.367656
"2019-08-06 12:25:23,120",140,27059,14.5,53,0.366720
"2019-08-06 12:25:27,850",141,27211,11.4,43,0.365970
"2019-08-06 12:25:33,475",142,27393,13.8,51,0.365074
"2019-08-06 12:25:42,417",143,27680,21.5,84,0.363662
"2019-08-06 12:25:47,156",144,27833,11.2,43,0.362908
"2019-08-06 12:25:56,221",145,28126,22.1,85,0.361467
"2019-08-06 12:26:01,016",146,28283,12.1,44,0.360693
"2019-08-06 12:26:05,794",147,28438,11.6,43,0.359929
"2019-08-06 12:26:11,460",148,28617,12.6,52,0.359047
"2019-08-06 12:26:17,909",149,28825,15.4,59,0.358023
"2019-08-06 12:26:22,653",150,28984,12.6,43,0.357239
"2019-08-06 12:26:29,738",151,29212,17.5,66,0.356116
"2019-08-06 12:26:34,461",152,29368,12.1,43,0.355347
"2019-08-06 12:26:39,134",153,29517,10.8,43,0.354612
"2019-08-06 12:26:45,438",154,29720,15.0,58,0.353613
"2019-08-06 12:26:50,188",155,29873,11.3,43,0.352858
"2019-08-06 12:26:56,010",156,30062,14.5,53,0.351927
"2019-08-06 12:27:04,201",157,30329,20.7,76,0.350614
"2019-08-06 12:27:08,914",158,30484,11.8,43,0.349849
"2019-08-06 12:27:14,657",159,30668,13.4,52,0.348943
"2019-08-06 12:27:20,088",160,30845,13.6,49,0.348071
"2019-08-06 12:27:24,872",161,30999,11.5,43,0.347311
"2019-08-06 12:27:29,671",162,31152,11.4,44,0.346557
"2019-08-06 12:27:34,401",163,31303,10.8,43,0.345812
"2019-08-06 12:27:39,103",164,31449,9.7,43,0.345091
"2019-08-06 12:27:45,578",165,31661,16.5,60,0.344048
"2019-08-06 12:27:50,282",166,31814,11.6,43,0.343293
"2019-08-06 12:27:55,075",167,31973,12.6,44,0.342509
"2019-08-06 12:28:08,077",168,32403,34.9,124,0.340397
"2019-08-06 12:28:17,524",169,32714,24.6,89,0.338868
"2019-08-06 12:28:23,816",170,32923,16.7,58,0.337839
"2019-08-06 12:28:32,073",171,33187,19.9,76,0.336541
"2019-08-06 12:28:37,939",172,33381,15.3,54,0.335585
"2019-08-06 12:28:44,588",173,33607,19.0,61,0.334473
"2019-08-06 12:28:50,252",174,33788,13.2,52,0.333581
"2019-08-06 12:28:57,917",175,34040,19.9,71,0.332342
"2019-08-06 12:29:03,467",176,34221,14.0,51,0.331450
"2019-08-06 12:29:11,306",177,34476,19.8,73,0.330195
"2019-08-06 12:29:16,978",178,34665,15.1,52,0.329264
"2019-08-06 12:29:26,017",179,34963,23.6,85,0.327799
"2019-08-06 12:29:30,818",180,35118,11.6,44,0.327035
"2019-08-06 12:29:38,513",181,35368,19.6,71,0.325805
"2019-08-06 12:29:44,297",182,35549,13.3,53,0.324913
"2019-08-06 12:29:50,070",183,35729,13.6,53,0.324026
"2019-08-06 12:29:57,581",184,35977,20.3,69,0.322806
"2019-08-06 12:30:03,409",185,36167,15.1,54,0.321870
"2019-08-06 12:30:08,256",186,36322,12.0,44,0.321106
"2019-08-06 12:30:13,862",187,36502,13.9,51,0.320219
"2019-08-06 12:30:19,669",188,36696,15.8,53,0.319264
"2019-08-06 12:30:24,409",189,36855,12.8,43,0.318480
"2019-08-06 12:30:29,102",190,37010,12.2,43,0.317715
"2019-08-06 12:30:40,109",191,37365,27.2,104,0.315971
"2019-08-06 12:30:44,896",192,37522,11.9,44,0.315197
"2019-08-06 12:30:49,570",193,37680,12.8,43,0.314417
"2019-08-06 12:30:54,289",194,37834,11.6,43,0.313658
"2019-08-06 12:31:01,688",195,38074,18.3,69,0.312477
"2019-08-06 12:31:07,481",196,38255,12.8,53,0.311585
"2019-08-06 12:31:13,223",197,38445,15.1,53,0.310649
"2019-08-06 12:31:17,990",198,38600,11.8,43,0.309885
"2019-08-06 12:31:23,599",199,38785,14.4,51,0.308974
"2019-08-06 12:31:29,184",200,38964,13.1,51,0.308092
"2019-08-06 12:31:35,387",201,39164,15.2,57,0.307107
"2019-08-06 12:31:40,163",202,39319,11.6,43,0.306342
"2019-08-06 12:31:45,947",203,39513,15.9,53,0.305387
"2019-08-06 12:31:51,576",204,39696,13.9,52,0.304485
"2019-08-06 12:31:58,915",205,39932,17.8,68,0.303324
"2019-08-06 12:32:03,773",206,40088,11.6,44,0.302555
"2019-08-06 12:32:08,524",207,40246,12.6,43,0.301775
"2019-08-06 12:32:15,142",208,40458,15.8,61,0.300732
"2019-08-06 12:32:24,599",209,40764,23.6,89,0.299227
"2019-08-06 12:32:30,287",210,40948,13.7,52,0.298321
"2019-08-06 12:32:36,064",211,41140,15.4,53,0.297375
"2019-08-06 12:32:40,849",212,41295,11.6,43,0.296611
"2019-08-06 12:32:50,089",213,41600,24.3,87,0.295111
"2019-08-06 12:32:56,676",214,41816,16.9,61,0.294048
"2019-08-06 12:33:04,151",215,42062,19.4,69,0.292838
"2019-08-06 12:33:08,959",216,42218,12.0,44,0.292069
"2019-08-06 12:33:16,318",217,42460,19.3,68,0.290878
"2019-08-06 12:33:22,221",218,42656,15.6,54,0.289913
"2019-08-06 12:33:28,917",219,42873,17.3,61,0.288844
"2019-08-06 12:33:35,478",220,43092,17.7,60,0.287766
"2019-08-06 12:33:40,290",221,43256,14.0,44,0.286958
"2019-08-06 12:33:45,051",222,43420,14.1,43,0.286149
"2019-08-06 12:33:50,718",223,43607,14.9,52,0.285228
"2019-08-06 12:34:02,437",224,43992,31.2,111,0.283337
"2019-08-06 12:34:08,013",225,44174,14.1,51,0.282440
"2019-08-06 12:34:15,676",226,44425,20.1,71,0.281205
"2019-08-06 12:34:23,054",227,44668,19.4,68,0.280010
"2019-08-06 12:34:29,692",228,44889,17.7,61,0.278922
"2019-08-06 12:34:36,251",229,45106,17.4,61,0.277854
"2019-08-06 12:34:42,809",230,45320,16.7,61,0.276800
"2019-08-06 12:34:48,558",231,45507,14.4,53,0.275879
"2019-08-06 12:34:53,270",232,45663,12.4,43,0.275110
"2019-08-06 12:34:58,000",233,45820,12.4,43,0.274335
"2019-08-06 12:35:05,935",234,46080,20.4,74,0.273057
"2019-08-06 12:35:11,715",235,46267,14.0,53,0.272135
"2019-08-06 12:35:22,761",236,46631,29.6,104,0.270347
"2019-08-06 12:35:29,787",237,46866,19.3,65,0.269190
"2019-08-06 12:35:36,720",238,47095,18.1,64,0.268063
"2019-08-06 12:35:41,449",239,47257,13.7,43,0.267265
"2019-08-06 12:35:51,572",240,47594,27.6,95,0.265609
"2019-08-06 12:35:56,269",241,47749,12.4,43,0.264844
"2019-08-06 12:36:01,055",242,47907,12.5,44,0.264065
"2019-08-06 12:36:06,784",243,48097,15.3,53,0.263129
"2019-08-06 12:36:16,028",244,48405,25.2,87,0.261615
"2019-08-06 12:36:23,583",245,48658,21.1,70,0.260370
"2019-08-06 12:36:30,948",246,48895,18.3,68,0.259204
"2019-08-06 12:36:35,685",247,49051,12.3,43,0.258435
"2019-08-06 12:36:40,478",248,49209,12.5,44,0.257656
"2019-08-06 12:36:52,461",249,49604,32.3,114,0.255715
"2019-08-06 12:36:57,173",250,49759,12.0,43,0.254951
"2019-08-06 12:37:09,283",251,50157,32.8,115,0.252996
"2019-08-06 12:37:13,983",252,50315,13.1,43,0.252217
"2019-08-06 12:37:19,959",253,50516,16.7,55,0.251227
"2019-08-06 12:37:24,718",254,50673,12.4,43,0.250453
"2019-08-06 12:37:29,409",255,50828,12.0,43,0.249688
"2019-08-06 12:37:37,431",256,51090,20.6,74,0.248400
"2019-08-06 12:37:42,146",257,51251,13.7,43,0.247606
"2019-08-06 12:37:46,891",258,51406,11.8,43,0.246842
"2019-08-06 12:37:51,601",259,51564,12.9,43,0.246062
"2019-08-06 12:37:56,373",260,51724,12.9,43,0.245274
"2019-08-06 12:38:02,803",261,51935,16.8,59,0.244235
"2019-08-06 12:38:13,677",262,52292,28.8,103,0.242481
"2019-08-06 12:38:19,073",263,52473,14.6,49,0.241589
"2019-08-06 12:38:23,775",264,52630,12.5,43,0.240815
"2019-08-06 12:38:30,995",265,52876,21.0,67,0.239604
"2019-08-06 12:38:38,108",266,53116,20.2,66,0.238423
"2019-08-06 12:38:43,857",267,53311,16.4,53,0.237463
"2019-08-06 12:38:48,611",268,53469,12.5,43,0.236684
"2019-08-06 12:38:55,223",269,53692,18.6,61,0.235586
"2019-08-06 12:38:59,997",270,53855,13.6,44,0.234783
"2019-08-06 12:39:06,548",271,54071,17.4,60,0.233719
"2019-08-06 12:39:12,057",272,54257,15.7,51,0.232803
"2019-08-06 12:39:19,556",273,54509,20.8,69,0.231563
"2019-08-06 12:39:35,098",274,55033,44.5,150,0.228991
"2019-08-06 12:39:58,637",275,55815,64.8,236,0.225154
"2019-08-06 12:40:03,356",276,55976,13.6,43,0.224360
"2019-08-06 12:40:08,052",277,56128,12.8,43,0.223611
"2019-08-06 12:40:13,751",278,56314,15.2,52,0.222694
"2019-08-06 12:40:25,095",279,56689,31.6,107,0.220852
"2019-08-06 12:40:32,335",280,56928,20.1,67,0.219676
"2019-08-06 12:40:38,429",281,57123,16.4,56,0.218716
"2019-08-06 12:40:43,128",282,57257,11.0,43,0.218054
"2019-08-06 12:40:47,907",283,57406,12.0,43,0.217319
"2019-08-06 12:40:54,156",284,57611,16.6,57,0.216310
"2019-08-06 12:41:00,503",285,57829,18.5,59,0.215237
"2019-08-06 12:41:05,218",286,57985,12.6,43,0.214467
"2019-08-06 12:41:12,619",287,58237,20.9,69,0.213228
"2019-08-06 12:41:17,453",288,58398,12.9,44,0.212434
"2019-08-06 12:41:22,205",289,58555,12.3,43,0.211660
"2019-08-06 12:41:29,188",290,58784,18.2,64,0.210533
"2019-08-06 12:41:33,987",291,58946,13.4,44,0.209734
"2019-08-06 12:41:39,426",292,59129,15.2,50,0.208832
"2019-08-06 12:41:45,953",293,59350,18.8,60,0.207744
"2019-08-06 12:41:52,518",294,59575,19.5,61,0.206637
"2019-08-06 12:41:57,203",295,59731,12.5,43,0.205868
"2019-08-06 12:42:09,034",296,60126,32.9,112,0.203927
"2019-08-06 12:42:17,631",297,60416,24.3,80,0.202501
"2019-08-06 12:42:25,321",298,60676,21.8,71,0.201223
"2019-08-06 12:42:34,419",299,60986,26.6,85,0.199699
"2019-08-06 12:42:42,740",300,61269,24.1,77,0.198307
"2019-08-06 12:42:47,561",301,61432,13.7,44,0.197503
"2019-08-06 12:43:00,259",302,61853,34.9,121,0.195436
"2019-08-06 12:43:08,842",303,62146,25.2,80,0.193995
"2019-08-06 12:43:14,463",304,62337,15.8,52,0.193054
"2019-08-06 12:43:19,144",305,62496,13.2,43,0.192270
"2019-08-06 12:43:23,843",306,62654,13.2,43,0.191491
"2019-08-06 12:43:28,561",307,62817,14.1,43,0.190688
"2019-08-06 12:43:33,273",308,62977,13.2,43,0.189899
"2019-08-06 12:43:37,961",309,63139,14.0,43,0.189100
"2019-08-06 12:43:46,391",310,63421,23.3,79,0.187713
"2019-08-06 12:43:52,025",311,63612,16.1,52,0.186772
"2019-08-06 12:43:58,384",312,63825,17.6,58,0.185724
"2019-08-06 12:44:08,896",313,64175,29.2,99,0.184004
"2019-08-06 12:44:18,930",314,64512,28.4,94,0.182348
"2019-08-06 12:44:29,251",315,64863,30.1,97,0.180623
"2019-08-06 12:44:35,720",316,65078,17.8,60,0.179565
"2019-08-06 12:44:47,292",317,65466,32.8,110,0.177658
"2019-08-06 12:44:54,858",318,65719,20.8,70,0.176414
"2019-08-06 12:44:59,580",319,65880,13.5,43,0.175620
"2019-08-06 12:45:04,289",320,66036,12.4,43,0.174851
"2019-08-06 12:45:09,990",321,66227,15.9,52,0.173910
"2019-08-06 12:45:18,510",322,66517,25.8,79,0.172484
"2019-08-06 12:45:25,128",323,66738,18.5,61,0.171396
"2019-08-06 12:45:31,880",324,66967,19.5,62,0.170269
"2019-08-06 12:45:40,539",325,67261,25.2,81,0.168824
"2019-08-06 12:45:49,849",326,67577,27.3,87,0.167270
"2019-08-06 12:45:54,620",327,67740,13.6,43,0.166467
"2019-08-06 12:46:04,638",328,68087,30.8,94,0.164762
"2019-08-06 12:46:12,778",329,68368,24.6,76,0.163380
"2019-08-06 12:46:17,525",330,68529,13.1,43,0.162586
"2019-08-06 12:46:28,173",331,68889,31.0,100,0.160817
"2019-08-06 12:46:36,149",332,69165,24.4,74,0.159460
"2019-08-06 12:46:43,073",333,69398,19.5,64,0.158313
"2019-08-06 12:46:48,925",334,69597,16.7,54,0.157333
"2019-08-06 12:47:03,488",335,70093,43.0,140,0.154898
"2019-08-06 12:47:09,218",336,70287,16.3,53,0.153942
"2019-08-06 12:47:16,385",337,70537,22.3,66,0.152713
"2019-08-06 12:47:36,512",338,71229,61.9,199,0.149317
"2019-08-06 12:47:56,550",339,71919,61.7,198,0.145931
"2019-08-06 12:48:04,826",340,72203,24.8,77,0.144534
"2019-08-06 12:48:14,986",341,72546,29.3,96,0.142849
"2019-08-06 12:48:19,701",342,72704,12.8,43,0.142070
"2019-08-06 12:48:26,934",343,72950,21.0,67,0.140859
"2019-08-06 12:48:31,637",344,73114,14.4,43,0.140051
"2019-08-06 12:48:39,461",345,73384,23.8,73,0.138723
"2019-08-06 12:48:44,220",346,73547,14.0,43,0.137919
"2019-08-06 12:48:50,232",347,73758,19.1,55,0.136881
"2019-08-06 12:49:04,471",348,74250,44.2,137,0.134465
"2019-08-06 12:49:09,189",349,74414,14.4,43,0.133656
"2019-08-06 12:49:14,734",350,74604,16.2,51,0.132721
"2019-08-06 12:49:20,497",351,74803,17.5,53,0.131741
"2019-08-06 12:49:27,588",352,75047,21.7,65,0.130540
"2019-08-06 12:49:32,404",353,75214,14.4,44,0.129717
"2019-08-06 12:49:47,431",354,75726,44.4,145,0.127203
"2019-08-06 12:49:52,206",355,75895,15.0,43,0.126370
"2019-08-06 12:49:56,966",356,76058,14.0,43,0.125567
"2019-08-06 12:50:05,294",357,76335,23.0,78,0.124204
"2019-08-06 12:50:25,665",358,77035,62.2,201,0.120769
"2019-08-06 12:50:35,150",359,77358,27.8,89,0.119182
"2019-08-06 12:50:46,126",360,77732,32.5,104,0.117344
"2019-08-06 12:50:56,977",361,78110,34.3,102,0.115487
"2019-08-06 12:51:03,889",362,78345,20.0,64,0.114331
"2019-08-06 12:51:09,701",363,78544,17.2,53,0.113351
"2019-08-06 12:51:17,072",364,78796,21.5,68,0.112111
"2019-08-06 12:51:22,624",365,78984,15.7,51,0.111185
"2019-08-06 12:51:38,144",366,79515,46.6,150,0.108578
"2019-08-06 12:51:44,649",367,79739,19.5,60,0.107476
"2019-08-06 12:51:54,644",368,80081,29.9,94,0.105795
"2019-08-06 12:52:01,749",369,80328,22.2,66,0.104580
"2019-08-06 12:52:06,631",370,80499,15.3,45,0.103737
"2019-08-06 12:52:11,428",371,80666,14.9,44,0.102914
"2019-08-06 12:52:26,547",372,81184,46.1,146,0.100371
"2019-08-06 12:52:32,122",373,81379,17.3,51,0.099410
"2019-08-06 12:52:36,886",374,81546,14.8,43,0.098587
"2019-08-06 12:52:41,660",375,81715,15.3,43,0.097754
"2019-08-06 12:52:46,445",376,81879,14.3,44,0.096946
"2019-08-06 12:52:56,424",377,82227,31.5,94,0.095236
"2019-08-06 12:53:08,229",378,82638,37.2,112,0.093217
"2019-08-06 12:53:21,145",379,83082,39.6,123,0.091036
"2019-08-06 12:53:41,231",380,83770,61.1,198,0.087660
"2019-08-06 12:53:58,154",381,84348,51.7,164,0.084823
"2019-08-06 12:54:05,524",382,84602,22.3,68,0.083574
"2019-08-06 12:54:11,967",383,84830,20.9,59,0.082451
"2019-08-06 12:54:20,580",384,85126,26.2,80,0.080996
"2019-08-06 12:54:27,043",385,85351,20.1,60,0.079889
"2019-08-06 12:54:41,502",386,85843,43.9,139,0.077473
"2019-08-06 12:54:52,353",387,86217,33.1,103,0.075636
"2019-08-06 12:54:58,043",388,86413,17.1,52,0.074670
"2019-08-06 12:55:10,753",389,86851,39.3,121,0.072519
"2019-08-06 12:55:19,427",390,87152,27.0,81,0.071039
"2019-08-06 12:55:26,854",391,87407,22.6,69,0.069785
"2019-08-06 12:55:31,602",392,87575,15.1,43,0.068957
"2019-08-06 12:55:40,815",393,87897,29.5,86,0.067374
"2019-08-06 12:55:46,460",394,88095,18.0,52,0.066399
"2019-08-06 12:55:54,977",395,88390,26.4,79,0.064949
"2019-08-06 12:56:07,269",396,88808,38.1,114,0.062896
"2019-08-06 12:56:12,146",397,88980,15.4,44,0.062048
"2019-08-06 12:56:16,886",398,89147,15.0,43,0.061225
"2019-08-06 12:56:27,885",399,89526,33.6,104,0.059363
"2019-08-06 12:56:34,536",400,89763,21.8,61,0.058196
"2019-08-06 12:56:43,892",401,90087,29.4,88,0.056604
"2019-08-06 12:57:01,220",402,90688,54.9,169,0.053654
"2019-08-06 12:57:15,024",403,91176,45.3,132,0.051258
"2019-08-06 12:57:19,730",404,91343,15.1,43,0.050435
"2019-08-06 12:57:26,370",405,91580,22.0,61,0.049269
"2019-08-06 12:57:32,087",406,91782,18.5,52,0.048274
"2019-08-06 12:57:37,588",407,91977,17.9,50,0.047314
"2019-08-06 12:57:53,179",408,92519,49.9,151,0.044653
"2019-08-06 12:58:05,136",409,92935,37.8,114,0.042610
"2019-08-06 12:58:12,897",410,93209,25.1,72,0.041262
"2019-08-06 12:58:26,275",411,93677,43.2,128,0.038964
"2019-08-06 12:58:35,654",412,94003,29.2,88,0.037362
"2019-08-06 12:58:47,397",413,94414,37.6,111,0.035343
"2019-08-06 12:58:54,225",414,94654,21.9,63,0.034162
"2019-08-06 12:59:00,621",415,94875,19.5,59,0.033074
"2019-08-06 12:59:14,003",416,95337,42.1,128,0.030805
"2019-08-06 12:59:28,718",417,95857,48.5,142,0.028253
"2019-08-06 12:59:36,007",418,96115,23.8,67,0.026983
"2019-08-06 12:59:47,823",419,96536,39.6,112,0.024916
"2019-08-06 13:00:05,656",420,97168,59.0,174,0.021814
"2019-08-06 13:00:18,695",421,97626,42.6,124,0.019565
"2019-08-06 13:00:37,228",422,98279,61.6,181,0.016360
"2019-08-06 13:01:00,504",423,99096,75.9,233,0.012352
"2019-08-06 13:01:08,681",424,99384,26.5,76,0.010936
"2019-08-06 13:01:29,856",425,100126,69.2,210,0.009995
"2019-08-06 13:01:51,785",426,100896,72.3,218,0.009995
"2019-08-06 13:02:25,974",427,102099,113.5,360,0.009995
"2019-08-06 13:03:01,413",428,103348,118.2,375,0.009995
"2019-08-06 13:03:20,293",429,104017,63.2,185,0.009995
"2019-08-06 13:03:41,036",430,104755,70.3,205,0.009995
"2019-08-06 13:03:50,566",431,105091,31.2,89,0.009995
"2019-08-06 13:04:10,845",432,105805,67.1,200,0.009995
"2019-08-06 13:04:16,624",433,106009,18.7,53,0.009995
"2019-08-06 13:04:45,042",434,107017,95.9,292,0.009995
"2019-08-06 13:05:05,180",435,107723,65.9,199,0.009995
"2019-08-06 13:05:18,211",436,108179,42.6,124,0.009995
"2019-08-06 13:05:34,473",437,108757,54.6,158,0.009995
"2019-08-06 13:06:02,609",438,109748,93.1,288,0.009995
"2019-08-06 13:06:17,970",439,110286,49.7,148,0.009995
"2019-08-06 13:06:24,276",440,110506,19.8,58,0.009995
"2019-08-06 13:06:47,710",441,111324,76.6,235,0.009995
"2019-08-06 13:06:59,338",442,111731,37.6,110,0.009995
"2019-08-06 13:07:05,999",443,111967,22.0,61,0.009995
"2019-08-06 13:07:35,520",444,113009,98.5,305,0.009995
"2019-08-06 13:07:43,641",445,113302,27.8,76,0.009995
"2019-08-06 13:08:20,236",446,114593,122.6,389,0.009995
"2019-08-06 13:08:43,487",447,115410,76.9,233,0.009995
"2019-08-06 13:09:26,394",448,116922,143.2,468,0.009995
"2019-08-06 13:09:34,254",449,117202,26.1,73,0.009995
"2019-08-06 13:10:04,467",450,118266,100.2,313,0.009995
"2019-08-06 13:10:18,505",451,118761,46.5,134,0.009995
"2019-08-06 13:10:46,599",452,119760,95.8,288,0.009995
"2019-08-06 13:10:59,199",453,120205,41.9,120,0.009995
"2019-08-06 13:11:09,183",454,120558,33.2,94,0.009995
"2019-08-06 13:11:25,053",455,121119,52.9,154,0.009995
"2019-08-06 13:12:05,676",456,122544,134.2,439,0.009995
"2019-08-06 13:12:11,734",457,122761,20.3,56,0.009995
"2019-08-06 13:12:42,443",458,123840,101.2,318,0.009995
"2019-08-06 13:12:55,060",459,124287,41.8,120,0.009995
"2019-08-06 13:13:26,147",460,125379,102.7,323,0.009995
"2019-08-06 13:13:54,118",461,126370,94.4,286,0.009995
"2019-08-06 13:14:31,395",462,127681,123.8,397,0.009995
"2019-08-06 13:15:10,089",463,129040,129.2,415,0.009995
"2019-08-06 13:15:43,398",464,130217,111.8,349,0.009995
"2019-08-06 13:15:50,340",465,130464,22.9,64,0.009995
"2019-08-06 13:16:19,057",466,131484,97.5,295,0.009995
"2019-08-06 13:16:32,748",467,131958,44.8,131,0.009995
"2019-08-06 13:17:00,167",468,132912,90.1,280,0.009995
"2019-08-06 13:17:25,007",469,133783,82.8,251,0.009995
"2019-08-06 13:17:56,379",470,134886,104.2,326,0.009995
"2019-08-06 13:18:23,256",471,135824,88.5,274,0.009995
"2019-08-06 13:18:54,467",472,136923,104.9,324,0.009995
"2019-08-06 13:19:05,691",473,137317,36.6,106,0.009995
"2019-08-06 13:19:13,234",474,137578,24.0,70,0.009995
"2019-08-06 13:19:46,938",475,138765,112.7,354,0.009995
"2019-08-06 13:20:15,378",476,139760,94.5,292,0.009995
"2019-08-06 13:20:29,890",477,140269,48.1,139,0.009995
"2019-08-06 13:20:55,119",478,141137,82.2,255,0.009995
"2019-08-06 13:21:11,035",479,141694,52.5,154,0.009995
"2019-08-06 13:21:53,137",480,143162,139.5,458,0.009995
"2019-08-06 13:22:08,286",481,143691,49.7,146,0.009995
"2019-08-06 13:22:34,907",482,144632,89.0,271,0.009995
"2019-08-06 13:22:59,102",483,145486,81.2,244,0.009995
"2019-08-06 13:23:08,320",484,145813,30.8,86,0.009995
"2019-08-06 13:23:27,962",485,146508,66.0,194,0.009995
"2019-08-06 13:23:51,927",486,147313,76.1,241,0.009995
"2019-08-06 13:24:24,619",487,148450,107.2,342,0.009995
"2019-08-06 13:24:41,138",488,149024,53.6,160,0.009995
"2019-08-06 13:24:52,124",489,149409,35.9,104,0.009995
"2019-08-06 13:25:15,372",490,150219,76.9,233,0.009995
"2019-08-06 13:25:53,348",491,151540,125.9,406,0.009995
"2019-08-06 13:26:19,823",492,152471,88.4,269,0.009995
"2019-08-06 13:26:56,339",493,153765,124.2,388,0.009995
"2019-08-06 13:27:20,046",494,154582,76.7,238,0.009995
"2019-08-06 13:27:24,911",495,154749,15.0,44,0.009995
"2019-08-06 13:28:00,985",496,155993,118.2,383,0.009995
"2019-08-06 13:28:26,631",497,156892,84.1,260,0.009995
"2019-08-06 13:28:51,401",498,157761,81.9,250,0.009995
"2019-08-06 13:29:00,154",499,158059,26.9,82,0.009995
"2019-08-06 13:29:36,257",500,159314,118.4,383,0.009995
"2019-08-06 13:29:43,684",501,159569,22.9,69,0.009995
"2019-08-06 13:29:52,628",502,159878,28.0,84,0.009995
"2019-08-06 13:30:02,051",503,160205,29.5,88,0.009995
"2019-08-06 13:30:37,161",504,161438,116.7,371,0.009995
"2019-08-06 13:31:12,463",505,162672,116.2,373,0.009995
"2019-08-06 13:31:43,958",506,163740,99.8,327,0.009995
"2019-08-06 13:32:15,388",507,164835,103.4,327,0.009995
"2019-08-06 13:32:38,552",508,165633,74.5,232,0.009995
"2019-08-06 13:33:03,629",509,166502,81.3,254,0.009995
"2019-08-06 13:33:23,822",510,167197,65.1,200,0.009995
"2019-08-06 13:33:30,575",511,167421,19.3,62,0.009995
"2019-08-06 13:34:17,007",512,169037,151.5,515,0.009995
"2019-08-06 13:35:08,439",513,170821,168.3,581,0.009995
"2019-08-06 13:35:50,829",514,172303,140.0,462,0.009995
"2019-08-06 13:36:37,306",515,173907,151.9,515,0.009995
"2019-08-06 13:36:42,117",516,174060,13.1,44,0.009995
"2019-08-06 13:37:10,972",517,175054,94.1,297,0.009995
"2019-08-06 13:37:22,728",518,175468,38.6,112,0.009995
"2019-08-06 13:38:04,040",519,176918,137.6,448,0.009995
"2019-08-06 13:38:18,449",520,177421,46.9,139,0.009995
"2019-08-06 13:38:54,263",521,178653,117.5,379,0.009995
"2019-08-06 13:39:13,071",522,179318,63.6,185,0.009995
"2019-08-06 13:39:25,672",523,179764,41.7,120,0.009995
"2019-08-06 13:40:06,878",524,181227,140.4,446,0.009995
"2019-08-06 13:40:23,699",525,181829,57.5,164,0.009995
"2019-08-06 13:40:54,301",526,182909,103.2,317,0.009995
"2019-08-06 13:41:02,195",527,183190,26.5,73,0.009995
"2019-08-06 13:41:18,401",528,183765,54.5,157,0.009995
"2019-08-06 13:41:40,364",529,184549,75.1,219,0.009995
"2019-08-06 13:41:45,057",530,184715,15.0,43,0.009995
"2019-08-06 13:42:29,991",531,186308,153.2,494,0.009995
"2019-08-06 13:42:51,175",532,187061,71.8,210,0.009995
"2019-08-06 13:43:31,987",533,188506,138.0,442,0.009995
"2019-08-06 13:43:36,694",534,188676,15.9,43,0.009995
"2019-08-06 13:43:52,235",535,189229,52.2,150,0.009995
"2019-08-06 13:43:57,055",536,189399,15.7,44,0.009995
"2019-08-06 13:44:34,581",537,190722,126.7,401,0.009995
"2019-08-06 13:45:05,197",538,191807,103.6,317,0.009995
"2019-08-06 13:45:38,048",539,192938,107.2,344,0.009995
"2019-08-06 13:45:47,125",540,193255,29.9,85,0.009995
"2019-08-06 13:46:20,943",541,194444,113.6,355,0.009995
"2019-08-06 13:46:44,246",542,195262,77.6,234,0.009995
"2019-08-06 13:46:59,751",543,195806,51.4,150,0.009995
"2019-08-06 13:47:15,630",544,196363,52.9,154,0.009995
"2019-08-06 13:48:06,926",545,198182,173.9,579,0.009995
"2019-08-06 13:48:42,306",546,199413,116.1,374,0.009995
"2019-08-06 13:49:06,383",547,200253,79.3,242,0.009995
"2019-08-06 13:49:20,553",548,200746,46.2,136,0.009995
"2019-08-06 13:49:41,315",549,201480,70.2,206,0.009995
"2019-08-06 13:49:47,086",550,201683,18.6,53,0.009995
"2019-08-06 13:49:54,043",551,201914,20.1,64,0.009995
"2019-08-06 13:50:10,276",552,202478,52.6,157,0.009995
"2019-08-06 13:50:32,014",553,203242,72.3,216,0.009995
"2019-08-06 13:50:50,258",554,203883,60.7,178,0.009995
"2019-08-06 13:51:27,605",555,205194,124.8,398,0.009995
"2019-08-06 13:51:50,351",556,205991,75.9,227,0.009995
"2019-08-06 13:52:14,993",557,206859,82.2,249,0.009995
"2019-08-06 13:52:40,882",558,207765,85.3,263,0.009995
"2019-08-06 13:53:15,024",559,208972,115.2,359,0.009995
"2019-08-06 13:53:22,186",560,209225,23.7,66,0.009995
"2019-08-06 13:53:39,908",561,209844,58.6,173,0.009995
"2019-08-06 13:53:54,237",562,210351,48.0,138,0.009995
"2019-08-06 13:53:58,978",563,210518,15.1,43,0.009995
"2019-08-06 13:54:04,919",564,210729,19.7,55,0.009995
"2019-08-06 13:54:46,096",565,212187,139.8,446,0.009995
"2019-08-06 13:55:30,649",566,213763,150.8,489,0.009995
"2019-08-06 13:56:08,696",567,215104,128.3,407,0.009995
"2019-08-06 13:56:50,573",568,216578,141.0,455,0.009995
"2019-08-06 13:57:31,307",569,218011,137.1,441,0.009995
"2019-08-06 13:57:52,865",570,218772,72.8,215,0.009995
"2019-08-06 13:58:26,067",571,219936,110.8,348,0.009995
"2019-08-06 13:58:48,475",572,220720,73.7,224,0.009995
"2019-08-06 13:59:24,259",573,221979,118.9,379,0.009995
"2019-08-06 13:59:51,285",574,222930,90.1,276,0.009995
"2019-08-06 14:00:34,302",575,224444,143.7,470,0.009995
"2019-08-06 14:01:08,961",576,225667,116.7,365,0.009995
"2019-08-06 14:01:30,791",577,226435,72.7,217,0.009995
"2019-08-06 14:01:45,456",578,226955,49.4,141,0.009995
"2019-08-06 14:02:04,315",579,227620,63.0,185,0.009995
"2019-08-06 14:02:37,563",580,228793,112.1,348,0.009995
"2019-08-06 14:03:23,530",581,230407,154.3,508,0.009995
"2019-08-06 14:04:01,455",582,231744,128.0,406,0.009995
"2019-08-06 14:04:19,386",583,232375,59.6,175,0.009995
"2019-08-06 14:04:53,495",584,233550,111.5,358,0.009995
"2019-08-06 14:05:03,526",585,233904,33.7,94,0.009995
"2019-08-06 14:05:11,493",586,234183,26.3,74,0.009995
"2019-08-06 14:05:51,785",587,235596,134.0,435,0.009995
"2019-08-06 14:06:12,713",588,236310,67.4,207,0.009995
"2019-08-06 14:06:34,689",589,237080,72.6,219,0.009995
"2019-08-06 14:06:41,028",590,237306,21.3,59,0.009995
"2019-08-06 14:07:00,522",591,237982,63.3,192,0.009995
"2019-08-06 14:07:23,594",592,238797,77.3,231,0.009995
"2019-08-06 14:07:31,633",593,239083,26.9,75,0.009995
"2019-08-06 14:07:47,246",594,239635,52.3,151,0.009995
"2019-08-06 14:08:26,544",595,241021,132.4,423,0.009995
"2019-08-06 14:08:53,203",596,241946,87.2,271,0.009995
"2019-08-06 14:09:12,702",597,242634,65.2,192,0.009995
"2019-08-06 14:09:46,260",598,243823,112.9,352,0.009995
"2019-08-06 14:10:26,043",599,245214,133.1,428,0.009995
"2019-08-06 14:10:30,903",600,245384,15.5,44,0.009995
"2019-08-06 14:11:00,692",601,246407,97.3,307,0.009995
"2019-08-06 14:11:42,761",602,247891,140.8,458,0.009995
"2019-08-06 14:12:01,008",603,248534,60.4,179,0.009995
"2019-08-06 14:12:10,569",604,248869,30.8,90,0.009995
"2019-08-06 14:12:16,247",605,249071,18.7,52,0.009995
"2019-08-06 14:12:52,193",606,250329,118.5,381,0.009995
"2019-08-06 14:12:57,764",607,250527,18.3,51,0.009995
"2019-08-06 14:13:08,711",608,250918,37.1,103,0.009995
"2019-08-06 14:13:27,730",609,251588,63.5,187,0.009995
"2019-08-06 14:13:53,377",610,252497,86.7,260,0.009995
"2019-08-06 14:14:31,383",611,253836,128.1,406,0.009995
"2019-08-06 14:15:00,550",612,254876,99.9,300,0.009995
"2019-08-06 14:15:16,238",613,255428,52.5,152,0.009995
"2019-08-06 14:16:11,017",614,257344,183.5,627,0.009995
"2019-08-06 14:16:21,245",615,257704,34.2,96,0.009995
"2019-08-06 14:16:25,957",616,257868,14.9,43,0.009995
"2019-08-06 14:16:36,740",617,258246,35.9,102,0.009995
"2019-08-06 14:16:44,024",618,258500,23.8,67,0.009995
"2019-08-06 14:16:53,734",619,258845,32.8,91,0.009995
"2019-08-06 14:17:03,156",620,259175,30.8,88,0.009995
"2019-08-06 14:17:24,968",621,259939,72.4,217,0.009995
"2019-08-06 14:17:45,963",622,260673,69.1,208,0.009995
"2019-08-06 14:17:56,830",623,261055,36.2,103,0.009995
"2019-08-06 14:18:05,687",624,261368,29.4,83,0.009995
"2019-08-06 14:18:14,991",625,261694,30.4,87,0.009995
"2019-08-06 14:18:47,489",626,262823,107.1,339,0.009995
"2019-08-06 14:19:10,063",627,263616,74.6,226,0.009995
"2019-08-06 14:19:39,825",628,264658,99.4,307,0.009995
"2019-08-06 14:19:48,456",629,264960,28.2,81,0.009995
"2019-08-06 14:20:24,951",630,266238,121.1,388,0.009995
"2019-08-06 14:21:01,187",631,267511,121.8,384,0.009995
"2019-08-06 14:21:29,241",632,268504,94.6,287,0.009995
"2019-08-06 14:21:34,023",633,268675,15.8,44,0.009995
"2019-08-06 14:21:38,708",634,268840,14.8,43,0.009995
"2019-08-06 14:22:09,961",635,269940,104.1,325,0.009995
"2019-08-06 14:22:40,824",636,271024,102.7,320,0.009995
"2019-08-06 14:23:01,780",637,271762,69.6,208,0.009995
"2019-08-06 14:23:13,209",638,272164,37.9,108,0.009995
"2019-08-06 14:23:31,805",639,272815,61.0,183,0.009995
"2019-08-06 14:23:45,773",640,273309,46.6,134,0.009995
"2019-08-06 14:24:28,978",641,274834,146.1,472,0.009995
"2019-08-06 14:24:42,960",642,275320,45.3,134,0.009995
"2019-08-06 14:25:09,595",643,276261,90.1,271,0.009995
"2019-08-06 14:25:46,725",644,277572,125.7,396,0.009995
"2019-08-06 14:26:31,572",645,279141,150.4,494,0.009995
"2019-08-06 14:27:16,641",646,280725,151.8,496,0.009995
"2019-08-06 14:27:34,361",647,281349,59.0,173,0.009995
"2019-08-06 14:27:46,571",648,281778,40.5,116,0.009995
"2019-08-06 14:27:53,338",649,282018,22.2,62,0.009995
"2019-08-06 14:28:01,365",650,282299,25.9,75,0.009995
"2019-08-06 14:28:44,712",651,283824,145.7,474,0.009995
"2019-08-06 14:29:29,368",652,285393,150.5,491,0.009995
"2019-08-06 14:30:04,929",653,286647,119.9,376,0.009995
"2019-08-06 14:30:46,246",654,288106,139.8,448,0.009995
"2019-08-06 14:31:38,168",655,289927,175.1,588,0.009995
"2019-08-06 14:32:25,035",656,291579,157.8,520,0.009995
"2019-08-06 14:32:56,478",657,292700,107.7,327,0.009995
"2019-08-06 14:33:14,701",658,293351,62.4,178,0.009995
"2019-08-06 14:34:02,263",659,295041,162.8,529,0.009995
"2019-08-06 14:34:39,443",660,296360,126.7,396,0.009995
"2019-08-06 14:35:13,565",661,297569,116.1,359,0.009995
"2019-08-06 14:35:18,328",662,297740,15.9,43,0.009995
"2019-08-06 14:36:00,718",663,299247,145.2,462,0.009995
"2019-08-06 14:36:26,526",664,300159,87.1,262,0.009995
"2019-08-06 14:36:42,329",665,300722,53.6,153,0.009995
"2019-08-06 14:37:22,659",666,302148,136.6,435,0.009995
"2019-08-06 14:38:04,060",667,303619,141.8,449,0.009995
"2019-08-06 14:38:10,821",668,303859,22.3,62,0.009995
"2019-08-06 14:38:32,352",669,304621,72.4,214,0.009995
"2019-08-06 14:38:42,954",670,304996,35.3,100,0.009995
"2019-08-06 14:39:01,049",671,305628,59.8,177,0.009995
"2019-08-06 14:39:08,464",672,305890,24.6,69,0.009995
"2019-08-06 14:39:50,136",673,307365,141.2,453,0.009995
"2019-08-06 14:40:33,249",674,308892,147.0,471,0.009995
"2019-08-06 14:41:24,445",675,310705,174.5,578,0.009995
"2019-08-06 14:41:34,802",676,311071,34.7,97,0.009995
"2019-08-06 14:41:46,791",677,311495,40.0,114,0.009995
"2019-08-06 14:41:55,562",678,311805,29.0,82,0.009995
"2019-08-06 14:42:04,866",679,312137,31.5,87,0.009995
"2019-08-06 14:42:27,475",680,312940,76.9,226,0.009995
"2019-08-06 14:43:01,201",681,314123,111.5,354,0.009995
"2019-08-06 14:43:18,444",682,314734,58.2,168,0.009995
"2019-08-06 14:44:06,090",683,316419,162.0,531,0.009995
"2019-08-06 14:44:42,526",684,317706,123.2,387,0.009995
"2019-08-06 14:44:49,854",685,317965,24.2,68,0.009995
"2019-08-06 14:45:32,433",686,319463,144.0,464,0.009995
"2019-08-06 14:45:37,225",687,319632,15.5,44,0.009995
"2019-08-06 14:46:06,270",688,320656,97.4,299,0.009995
"2019-08-06 14:46:24,531",689,321299,60.6,179,0.009995
"2019-08-06 14:47:06,494",690,322785,142.7,456,0.009995
"2019-08-06 14:47:34,031",691,323761,93.6,281,0.009995
"2019-08-06 14:47:47,113",692,324225,43.7,125,0.009995
"2019-08-06 14:48:14,176",693,325187,92.4,276,0.009995
"2019-08-06 14:49:10,208",694,327176,191.7,645,0.009995
"2019-08-06 14:49:26,318",695,327746,54.3,156,0.009995
"2019-08-06 14:50:20,229",696,329657,183.5,615,0.009995
"2019-08-06 14:50:42,883",697,330455,75.5,226,0.009995
"2019-08-06 14:51:18,274",698,331712,120.8,374,0.009995
"2019-08-06 14:51:40,186",699,332486,73.6,218,0.009995
"2019-08-06 14:52:23,574",700,334033,149.2,475,0.009995
"2019-08-06 14:52:40,892",701,334643,57.8,169,0.009995
"2019-08-06 14:53:22,438",702,336104,139.2,451,0.009995
"2019-08-06 14:53:59,255",703,337401,124.8,392,0.009995
"2019-08-06 14:54:22,075",704,338207,76.7,228,0.009995
"2019-08-06 14:54:31,828",705,338553,32.3,92,0.009995
"2019-08-06 14:54:36,743",706,338726,16.2,45,0.009995
"2019-08-06 14:54:48,671",707,339150,40.3,113,0.009995
"2019-08-06 14:55:04,002",708,339694,51.8,148,0.009995
"2019-08-06 14:55:23,084",709,340371,64.3,188,0.009995
"2019-08-06 14:55:39,536",710,340888,48.6,159,0.009995
"2019-08-06 15:21:13,468",711,340898,-0.0,43,0.009995
"2019-08-06 15:21:18,235",712,340975,6.7,43,0.009995
"2019-08-06 15:21:25,189",713,341094,10.6,64,0.009995
"2019-08-06 15:21:30,120",714,341163,5.9,43,0.009995
"2019-08-06 15:21:34,817",715,341251,7.8,43,0.009995
"2019-08-06 15:21:42,623",716,341478,20.6,72,0.009995
"2019-08-06 15:21:55,650",717,341915,40.9,124,0.009995
"2019-08-06 15:22:42,553",718,343494,150.7,520,0.009995
"2019-08-06 15:22:47,231",719,343662,15.7,43,0.009995
"2019-08-06 15:22:52,946",720,343864,18.7,52,0.009995
"2019-08-06 15:23:17,978",721,344746,83.9,253,0.009995
"2019-08-06 15:23:54,137",722,346027,122.5,384,0.009995
"2019-08-06 15:24:18,088",723,346870,79.7,241,0.009995
"2019-08-06 15:24:38,627",724,347599,69.3,203,0.009995
"2019-08-06 15:24:58,208",725,348285,65.3,193,0.009995
"2019-08-06 15:25:09,687",726,348689,38.2,109,0.009995
"2019-08-06 15:25:52,930",727,350219,145.7,473,0.009995
"2019-08-06 15:26:36,167",728,351745,145.1,473,0.009995
"2019-08-06 15:26:58,582",729,352539,75.8,224,0.009995
"2019-08-06 15:27:05,798",730,352793,23.5,66,0.009995
"2019-08-06 15:27:43,810",731,354125,126.2,406,0.009995
"2019-08-06 15:28:04,758",732,354862,69.8,207,0.009995
"2019-08-06 15:28:30,941",733,355788,88.0,266,0.009995
"2019-08-06 15:28:54,202",734,356605,76.8,233,0.009995
"2019-08-06 15:29:32,063",735,357948,128.4,405,0.009995
"2019-08-06 15:30:03,769",736,359057,105.8,326,0.009995
"2019-08-06 15:30:17,968",737,359564,48.4,136,0.009995
"2019-08-06 15:30:32,848",738,360089,49.5,143,0.009995
"2019-08-06 15:30:47,811",739,360615,48.9,144,0.009995
"2019-08-06 15:31:24,295",740,361905,122.9,388,0.009995
"2019-08-06 15:31:58,330",741,363105,114.6,357,0.009995
"2019-08-06 15:32:28,117",742,364163,101.3,308,0.009995
"2019-08-06 15:32:53,670",743,365066,85.9,259,0.009995
"2019-08-06 15:33:29,959",744,366353,123.1,385,0.009995
"2019-08-06 15:33:35,766",745,366560,19.2,53,0.009995
"2019-08-06 15:33:42,373",746,366787,20.8,60,0.009995
"2019-08-06 15:34:11,638",747,367824,99.0,301,0.009995
"2019-08-06 15:34:20,656",748,368142,29.7,84,0.009995
"2019-08-06 15:34:59,684",749,369520,130.9,419,0.009995
"2019-08-06 15:35:34,545",750,370757,118.4,368,0.009995
"2019-08-06 15:36:06,449",751,371879,107.1,332,0.009995
"2019-08-06 15:36:12,483",752,372093,19.8,56,0.009995
"2019-08-06 15:36:30,321",753,372717,59.0,174,0.009995
"2019-08-06 15:36:59,537",754,373720,95.2,301,0.009995
"2019-08-06 15:37:30,110",755,374797,102.2,317,0.009995
"2019-08-06 15:37:42,065",756,375205,38.3,110,0.009995
"2019-08-06 15:38:11,883",757,376260,100.9,308,0.009995
"2019-08-06 15:38:33,815",758,377038,74.3,218,0.009995
"2019-08-06 15:38:41,415",759,377309,25.4,70,0.009995
"2019-08-06 15:38:59,432",760,377950,61.1,176,0.009995
"2019-08-06 15:39:30,370",761,378957,96.6,291,0.009995
"2019-08-06 15:39:45,236",762,379483,49.7,143,0.009995
"2019-08-06 15:40:27,885",763,380998,145.6,465,0.009995
"2019-08-06 15:40:37,937",764,381355,33.9,94,0.009995
"2019-08-06 15:40:51,418",765,381816,43.2,129,0.009995
"2019-08-06 15:40:59,137",766,382074,23.6,71,0.009995
"2019-08-06 15:41:16,047",767,382630,52.3,164,0.009995
"2019-08-06 15:41:35,255",768,383291,63.2,189,0.009995
"2019-08-06 15:41:52,880",769,383910,58.4,172,0.009995
"2019-08-06 15:42:11,282",770,384563,62.5,180,0.009995
"2019-08-06 15:42:22,231",771,384945,35.8,103,0.009995
"2019-08-06 15:42:31,250",772,385262,29.3,84,0.009995
"2019-08-06 15:42:49,992",773,385927,63.0,184,0.009995
"2019-08-06 15:42:59,214",774,386257,31.3,86,0.009995
"2019-08-06 15:43:25,303",775,387185,88.9,265,0.009995
"2019-08-06 15:43:35,852",776,387557,35.1,99,0.009995
"2019-08-06 15:43:47,108",777,387957,38.0,107,0.009995
"2019-08-06 15:44:20,603",778,389134,111.4,351,0.009995
"2019-08-06 15:44:43,965",779,389960,78.6,234,0.009995
"2019-08-06 15:45:34,137",780,391726,169.1,564,0.009995
"2019-08-06 15:45:44,387",781,392074,32.3,96,0.009995
"2019-08-06 15:45:58,499",782,392569,46.7,135,0.009995
"2019-08-06 15:46:04,164",783,392769,18.5,52,0.009995
"2019-08-06 15:46:20,055",784,393320,52.0,154,0.009995
"2019-08-06 15:46:24,850",785,393491,15.7,43,0.009995
"2019-08-06 15:47:03,048",786,394838,129.2,408,0.009995
"2019-08-06 15:47:09,582",787,395071,21.7,60,0.009995
"2019-08-06 15:47:15,463",788,395280,19.4,54,0.009995
"2019-08-06 15:47:42,851",789,396252,93.4,280,0.009995
"2019-08-06 15:48:25,451",790,397740,143.0,464,0.009995
"2019-08-06 15:48:43,170",791,398362,59.2,173,0.009995
"2019-08-06 15:49:08,154",792,399246,84.6,252,0.009995
"2019-08-06 15:49:15,669",793,399510,24.3,70,0.009995
"2019-08-06 15:49:36,805",794,400257,71.1,210,0.009995
"2019-08-06 15:49:41,567",795,400423,15.0,43,0.009995
"2019-08-06 15:50:18,584",796,401731,124.3,394,0.009995
"2019-08-06 15:50:36,904",797,402384,62.6,179,0.009995
"2019-08-06 15:50:52,067",798,402923,51.4,146,0.009995
"2019-08-06 15:51:00,983",799,403241,30.0,83,0.009995
"2019-08-06 15:51:09,594",800,403547,28.7,80,0.009995
"2019-08-06 15:51:28,060",801,404193,60.7,181,0.009995
"2019-08-06 15:51:35,973",802,404471,25.6,74,0.009995
"2019-08-06 15:52:15,499",803,405874,134.8,425,0.009995
"2019-08-06 15:52:26,333",804,406261,36.8,102,0.009995
"2019-08-06 15:52:44,467",805,406904,61.0,178,0.009995
"2019-08-06 15:52:49,213",806,407071,15.5,43,0.009995
"2019-08-06 15:52:56,926",807,407343,25.6,72,0.009995
"2019-08-06 15:53:10,059",808,407809,44.3,125,0.009995
"2019-08-06 15:53:26,847",809,408404,56.3,163,0.009995
"2019-08-06 15:53:38,367",810,408811,38.3,109,0.009995
"2019-08-06 15:53:53,156",811,409331,49.4,142,0.009995
"2019-08-06 15:54:00,079",812,409578,23.1,64,0.009995
"2019-08-06 15:54:22,103",813,410359,74.3,219,0.009995
"2019-08-06 15:54:49,286",814,411319,91.3,277,0.009995
"2019-08-06 15:54:59,122",815,411668,32.8,92,0.009995
"2019-08-06 15:55:23,473",816,412527,81.8,245,0.009995
"2019-08-06 15:55:48,772",817,413423,85.5,256,0.009995
"2019-08-06 15:56:15,622",818,414375,91.1,273,0.009995
"2019-08-06 15:56:29,111",819,414847,44.3,129,0.009995
"2019-08-06 15:56:56,202",820,415808,92.0,276,0.009995
"2019-08-06 15:57:04,235",821,416087,25.9,74,0.009995
"2019-08-06 15:57:08,957",822,416254,15.2,43,0.009995
"2019-08-06 15:57:38,933",823,417318,100.9,310,0.009995
"2019-08-06 15:57:49,568",824,417696,35.5,100,0.009995
"2019-08-06 15:58:00,381",825,418080,36.5,102,0.009995
"2019-08-06 15:58:05,099",826,418247,15.6,43,0.009995
"2019-08-06 15:58:13,394",827,418541,27.6,77,0.009995
"2019-08-06 15:58:31,931",828,419202,63.0,182,0.009995
"2019-08-06 15:58:44,781",829,419656,42.6,123,0.009995
"2019-08-06 15:59:11,865",830,420615,91.2,276,0.009995
"2019-08-06 15:59:31,734",831,421316,66.5,196,0.009995
"2019-08-06 15:59:49,767",832,421956,61.0,176,0.009995
"2019-08-06 16:00:11,347",833,422718,72.0,214,0.009995
"2019-08-06 16:00:32,138",834,423460,70.9,206,0.009995
"2019-08-06 16:00:44,592",835,423901,41.6,119,0.009995
"2019-08-06 16:00:55,282",836,424272,34.9,101,0.009995
"2019-08-06 16:01:16,443",837,425017,70.7,210,0.009995
"2019-08-06 16:01:27,065",838,425394,35.3,100,0.009995
"2019-08-06 16:01:40,331",839,425866,45.2,127,0.009995
"2019-08-06 16:01:46,148",840,426073,19.6,53,0.009995
"2019-08-06 16:01:55,200",841,426389,29.6,85,0.009995
"2019-08-06 16:02:22,228",842,427344,90.8,276,0.009995
"2019-08-06 16:02:43,773",843,428104,71.7,214,0.009995
"2019-08-06 16:02:52,039",844,428400,28.1,77,0.009995
"2019-08-06 16:03:09,643",845,429023,59.2,172,0.009995
"2019-08-06 16:03:29,966",846,429738,68.2,201,0.009995
"2019-08-06 16:03:57,437",847,430709,92.5,281,0.009995
"2019-08-06 16:04:21,083",848,431546,80.0,237,0.009995
"2019-08-06 16:04:37,419",849,432123,54.7,158,0.009995
"2019-08-06 16:05:10,442",850,433289,111.0,346,0.009995
"2019-08-06 16:05:15,198",851,433455,15.2,43,0.009995
"2019-08-06 16:05:22,102",852,433698,22.8,64,0.009995
"2019-08-06 16:05:52,309",853,434757,101.3,312,0.009995
"2019-08-06 16:06:15,581",854,435578,77.8,233,0.009995
"2019-08-06 16:06:21,262",855,435778,18.4,52,0.009995
"2019-08-06 16:06:44,116",856,436580,76.6,227,0.009995
"2019-08-06 16:06:59,743",857,437130,52.0,151,0.009995
"2019-08-06 16:07:20,059",858,437847,68.1,201,0.009995
"2019-08-06 16:07:31,174",859,438239,37.0,105,0.009995
"2019-08-06 16:08:09,368",860,439588,129.3,408,0.009995
"2019-08-06 16:08:17,286",861,439853,25.1,73,0.009995
"2019-08-06 16:08:28,248",862,440237,36.6,103,0.009995
"2019-08-06 16:09:09,686",863,441632,133.1,450,0.009995
"2019-08-06 16:09:31,046",864,442363,69.6,212,0.009995
"2019-08-06 16:10:12,177",865,443812,139.4,446,0.009995
"2019-08-06 16:10:20,316",866,444094,25.9,76,0.009995
"2019-08-06 16:10:45,862",867,444998,86.7,259,0.009995
"2019-08-06 16:11:20,320",868,446212,115.8,363,0.009995
"2019-08-06 16:11:37,790",869,446830,59.0,171,0.009995
"2019-08-06 16:11:50,763",870,447286,42.5,124,0.009995
"2019-08-06 16:12:02,365",871,447691,37.8,110,0.009995
"2019-08-06 16:12:48,840",872,449329,155.6,515,0.009995
"2019-08-06 16:13:02,167",873,449802,44.9,127,0.009995
"2019-08-06 16:13:44,428",874,451292,141.2,460,0.009995
"2019-08-06 16:14:11,057",875,452232,89.8,271,0.009995
"2019-08-06 16:14:17,898",876,452469,21.7,63,0.009995
"2019-08-06 16:14:40,985",877,453284,77.7,231,0.009995
"2019-08-06 16:15:14,525",878,454450,111.5,352,0.009995
"2019-08-06 16:15:30,323",879,454980,49.9,153,0.009995
"2019-08-06 16:15:37,865",880,455240,24.3,70,0.009995
"2019-08-06 16:16:00,190",881,456022,74.4,223,0.009995
"2019-08-06 16:16:17,206",882,456625,57.4,166,0.009995
"2019-08-06 16:16:32,316",883,457161,50.7,146,0.009995
"2019-08-06 16:17:13,099",884,458596,136.8,441,0.009995
"2019-08-06 16:17:24,232",885,458972,35.9,105,0.009995
"2019-08-06 16:17:52,130",886,459936,90.7,284,0.009995
"2019-08-06 16:18:03,376",887,460332,37.1,106,0.009995
"2019-08-06 16:18:49,867",888,461968,155.2,515,0.009995
"2019-08-06 16:19:24,898",889,463202,117.4,370,0.009995
"2019-08-06 16:19:31,154",890,463422,20.4,57,0.009995
"2019-08-06 16:19:39,703",891,463725,28.8,80,0.009995
"2019-08-06 16:20:23,252",892,465253,146.0,476,0.009995
"2019-08-06 16:20:43,385",893,465936,65.5,199,0.009995
"2019-08-06 16:21:04,468",894,466652,68.2,209,0.009995
"2019-08-06 16:21:40,547",895,467923,120.6,383,0.009995
"2019-08-06 16:22:15,588",896,469156,117.6,370,0.009995
"2019-08-06 16:22:46,503",897,470247,103.7,321,0.009995
"2019-08-06 16:23:22,165",898,471509,121.0,378,0.009995
"2019-08-06 16:23:30,016",899,471784,25.1,73,0.009995
"2019-08-06 16:23:51,733",900,472551,72.5,216,0.009995
"2019-08-06 16:24:08,111",901,473132,55.2,159,0.009995
"2019-08-06 16:24:12,833",902,473299,15.4,43,0.009995
"2019-08-06 16:24:24,570",903,473711,38.4,111,0.009995
"2019-08-06 16:24:47,754",904,474521,76.2,232,0.009995
"2019-08-06 16:24:55,108",905,474781,24.0,68,0.009995
"2019-08-06 16:25:08,490",906,475246,43.3,128,0.009995
"2019-08-06 16:25:19,229",907,475625,35.8,101,0.009995
"2019-08-06 16:25:47,971",908,476637,96.0,295,0.009995
"2019-08-06 16:25:55,606",909,476907,25.0,71,0.009995
"2019-08-06 16:26:13,353",910,477531,58.9,173,0.009995
"2019-08-06 16:27:02,200",911,479216,158.7,546,0.009995
"2019-08-06 16:27:45,719",912,480739,144.8,476,0.009995
"2019-08-06 16:28:27,558",913,482201,139.2,455,0.009995
"2019-08-06 16:28:47,397",914,482894,65.1,196,0.009995
"2019-08-06 16:29:34,637",915,484554,157.7,525,0.009995
"2019-08-06 16:29:57,159",916,485345,75.3,225,0.009995
"2019-08-06 16:30:17,883",917,486075,69.0,205,0.009995
"2019-08-06 16:30:45,401",918,487053,93.6,281,0.009995
"2019-08-06 16:31:04,620",919,487726,63.2,189,0.009995
"2019-08-06 16:31:30,195",920,488613,83.8,259,0.009995
"2019-08-06 16:31:54,788",921,489471,81.5,248,0.009995
"2019-08-06 16:32:15,916",922,490216,70.5,210,0.009995
"2019-08-06 16:32:30,715",923,490737,49.0,143,0.009995
"2019-08-06 16:33:11,592",924,492168,136.3,443,0.009995
"2019-08-06 16:33:23,113",925,492574,38.3,109,0.009995
"2019-08-06 16:33:50,699",926,493515,89.2,282,0.009995
"2019-08-06 16:34:11,492",927,494246,69.6,206,0.009995
"2019-08-06 16:34:36,308",928,495117,83.1,250,0.009995
"2019-08-06 16:35:12,697",929,496401,122.7,387,0.009995
"2019-08-06 16:35:29,588",930,496995,56.4,165,0.009995
"2019-08-06 16:36:00,547",931,498067,101.9,321,0.009995
"2019-08-06 16:36:27,044",932,499000,89.1,269,0.009995
"2019-08-06 16:37:05,460",933,500350,128.3,412,0.009995
"2019-08-06 16:37:27,839",934,501126,73.8,223,0.009995
"2019-08-06 16:37:56,319",935,502131,95.9,292,0.009995
"2019-08-06 16:38:31,917",936,503382,119.3,377,0.009995
"2019-08-06 16:39:10,313",937,504740,130.0,412,0.009995
"2019-08-06 16:45:41,828",938,505624,84.3,266,0.009995
"2019-08-06 16:45:48,844",939,505745,10.8,64,0.009995
"2019-08-06 16:46:10,141",940,506120,34.6,211,0.009995
"2019-08-06 16:46:16,878",941,506237,10.3,62,0.009995
"2019-08-06 16:46:21,612",942,506323,7.4,43,0.009995
"2019-08-06 16:46:33,042",943,506527,18.5,108,0.009995
"2019-08-06 16:46:38,597",944,506626,8.6,51,0.009995
"2019-08-06 16:46:49,182",945,506815,17.1,100,0.009995
"2019-08-06 16:46:59,707",946,506999,16.6,98,0.009995
"2019-08-06 16:47:05,871",947,507110,10.0,56,0.009995
"2019-08-06 16:47:11,684",948,507214,9.3,53,0.009995
"2019-08-06 16:47:18,708",949,507310,8.3,64,0.009995
"2019-08-06 16:47:25,115",950,507397,7.5,58,0.009995
"2019-08-06 16:47:32,211",951,507492,8.3,65,0.009995
"2019-08-06 16:47:38,508",952,507578,7.5,57,0.009995
"2019-08-06 16:47:43,275",953,507643,5.5,43,0.009995
"2019-08-06 16:47:48,051",954,507709,5.5,43,0.009995
"2019-08-06 16:47:53,451",955,507783,6.3,49,0.009995
"2019-08-06 16:48:01,117",956,507886,8.9,70,0.009995
"2019-08-06 16:48:06,877",957,507963,6.6,53,0.009995
"2019-08-06 16:48:11,687",958,508028,5.2,43,0.009995
"2019-08-06 16:48:18,113",959,508116,7.6,58,0.009995
"2019-08-06 16:48:22,830",960,508181,5.5,43,0.009995
"2019-08-06 16:48:27,606",961,508243,5.1,43,0.009995
"2019-08-06 16:48:32,345",962,508309,5.6,43,0.009995
"2019-08-06 16:48:39,618",963,508409,8.5,67,0.009995
"2019-08-06 16:48:48,526",964,508533,10.8,83,0.009995
"2019-08-06 16:48:56,188",965,508640,9.4,70,0.009995
"2019-08-06 16:49:01,992",966,508717,6.5,52,0.009995
"2019-08-06 16:49:07,634",967,508791,6.3,51,0.009995
"2019-08-06 16:49:12,391",968,508858,5.6,43,0.009995
"2019-08-06 16:49:17,164",969,508923,5.3,43,0.009995
"2019-08-06 16:49:21,871",970,508989,5.6,43,0.009995
"2019-08-06 16:49:32,171",971,509127,12.3,96,0.009995
"2019-08-06 16:49:45,054",972,509303,15.6,122,0.009995
"2019-08-06 16:49:56,939",973,509465,14.4,112,0.009995
"2019-08-06 16:50:05,101",974,509575,9.3,75,0.009995
"2019-08-06 16:50:10,744",975,509652,6.5,51,0.009995
"2019-08-06 16:50:16,420",976,509728,6.5,51,0.009995
"2019-08-06 16:50:22,249",977,509808,6.8,53,0.009995
"2019-08-06 16:50:28,690",978,509897,7.7,59,0.009995
"2019-08-06 16:50:40,783",979,510061,14.5,114,0.009995
"2019-08-06 16:50:48,235",980,510160,8.4,68,0.009995
"2019-08-06 16:50:57,849",981,510289,11.5,89,0.009995
"2019-08-06 16:51:02,592",982,510357,5.8,43,0.009995
"2019-08-06 16:51:07,430",983,510425,5.7,44,0.009995
"2019-08-06 16:51:13,158",984,510505,6.7,52,0.009995
"2019-08-06 16:51:20,394",985,510606,8.8,66,0.009995
"2019-08-06 16:51:28,972",986,510719,9.9,79,0.009995
"2019-08-06 16:51:35,268",987,510807,7.6,57,0.009995
"2019-08-06 16:51:44,491",988,510934,11.2,86,0.009995
"2019-08-06 16:51:49,935",989,511009,6.3,49,0.009995
"2019-08-06 16:51:59,874",990,511143,11.6,93,0.009995
"2019-08-06 16:52:04,647",991,511207,5.4,43,0.009995
"2019-08-06 16:52:17,733",992,511384,15.6,124,0.009995
"2019-08-06 16:52:27,716",993,511518,11.7,93,0.009995
"2019-08-06 16:52:39,722",994,511679,14.2,113,0.009995
"2019-08-06 16:52:52,302",995,511847,14.9,119,0.009995
"2019-08-06 16:53:08,038",996,512057,18.5,151,0.009995
"2019-08-06 16:53:23,430",997,512264,18.6,148,0.009995
"2019-08-06 16:53:28,818",998,512339,6.4,49,0.009995
"2019-08-06 16:53:38,334",999,512469,11.4,88,0.009995
"2019-08-06 16:53:45,076",1000,512563,8.1,62,0.009995
