timestamp,episode,reward,score,epsilon
"2019-08-28 02:10:14,941",0,-0.8,47,0.099933
"2019-08-28 02:10:21,833",1,-0.3,53,0.099866
"2019-08-28 02:10:27,281",2,-0.4,43,0.099859
"2019-08-28 02:10:33,303",3,-0.3,43,0.099851
"2019-08-28 02:10:39,215",4,-0.3,43,0.099843
"2019-08-28 02:10:45,148",5,-0.3,43,0.099835
"2019-08-28 02:10:51,215",6,-0.3,43,0.099827
"2019-08-28 02:10:56,710",7,-0.9,43,0.099820
"2019-08-28 02:11:02,293",8,-1.0,43,0.099813
"2019-08-28 02:11:10,650",9,-0.9,69,0.099802
"2019-08-28 02:11:18,322",10,-1.0,62,0.099792
"2019-08-28 02:11:24,387",11,-0.4,43,0.099784
"2019-08-28 02:11:29,761",12,-0.4,43,0.099777
"2019-08-28 02:11:35,164",13,-0.4,43,0.099770
"2019-08-28 02:11:41,405",14,-0.5,43,0.099762
"2019-08-28 02:11:47,467",15,-0.3,43,0.099754
"2019-08-28 02:11:53,539",16,-0.3,43,0.099746
"2019-08-28 02:11:59,631",17,-0.3,43,0.099738
"2019-08-28 02:12:05,730",18,-0.3,43,0.099730
"2019-08-28 02:12:13,209",19,-0.2,56,0.099720
"2019-08-28 02:12:20,824",20,-0.9,60,0.099710
"2019-08-28 02:12:26,950",21,-0.7,43,0.099702
"2019-08-28 02:12:32,332",22,-0.5,43,0.099695
"2019-08-28 02:12:38,393",23,-0.3,43,0.099687
"2019-08-28 02:12:45,267",24,-0.3,53,0.099678
"2019-08-28 02:12:50,662",25,-0.5,43,0.099671
"2019-08-28 02:12:56,055",26,-0.4,43,0.099664
"2019-08-28 02:13:01,594",27,-0.5,43,0.099657
"2019-08-28 02:13:07,659",28,-0.3,43,0.099649
"2019-08-28 02:13:13,690",29,-0.3,43,0.099641
"2019-08-28 02:13:21,206",30,-0.3,56,0.099631
"2019-08-28 02:13:27,331",31,-0.3,43,0.099623
"2019-08-28 02:13:32,743",32,-0.4,43,0.099616
"2019-08-28 02:13:38,842",33,-0.3,43,0.099608
"2019-08-28 02:13:44,738",34,-0.3,43,0.099600
"2019-08-28 02:13:50,753",35,-0.3,43,0.099592
"2019-08-28 02:13:57,005",36,-0.3,43,0.099584
"2019-08-28 02:14:02,539",37,-0.4,43,0.099577
"2019-08-28 02:14:08,579",38,-0.4,43,0.099569
"2019-08-28 02:14:14,573",39,-0.3,43,0.099561
"2019-08-28 02:14:21,303",40,-0.3,53,0.099552
"2019-08-28 02:14:29,810",41,-0.4,71,0.099541
"2019-08-28 02:14:35,954",42,-0.3,43,0.099533
"2019-08-28 02:14:42,073",43,-0.3,43,0.099525
"2019-08-28 02:14:47,481",44,-0.4,43,0.099518
"2019-08-28 02:14:53,492",45,-0.3,43,0.099510
"2019-08-28 02:15:00,573",46,-0.4,57,0.099501
"2019-08-28 02:15:06,707",47,-0.3,43,0.099494
"2019-08-28 02:15:13,459",48,-0.4,54,0.099485
"2019-08-28 02:15:21,730",49,-0.3,64,0.099474
"2019-08-28 02:15:28,581",50,-0.5,54,0.099465
"2019-08-28 02:15:34,000",51,-0.5,43,0.099458
"2019-08-28 02:15:39,478",52,-0.5,43,0.099451
"2019-08-28 02:15:44,880",53,-0.4,43,0.099444
"2019-08-28 02:15:50,347",54,-0.4,43,0.099437
"2019-08-28 02:15:56,450",55,-0.3,43,0.099429
"2019-08-28 02:16:01,895",56,-0.4,43,0.099422
"2019-08-28 02:16:07,392",57,-0.4,43,0.099415
"2019-08-28 02:16:13,441",58,-0.3,43,0.099407
"2019-08-28 02:16:18,831",59,-0.4,43,0.099400
"2019-08-28 02:16:24,905",60,-0.3,43,0.099392
"2019-08-28 02:16:30,388",61,-0.4,43,0.099385
"2019-08-28 02:16:35,972",62,-0.4,43,0.099378
"2019-08-28 02:16:41,406",63,-0.5,43,0.099371
"2019-08-28 02:16:52,844",64,0.1,43,0.099356
"2019-08-28 02:16:58,972",65,-0.4,49,0.099348
"2019-08-28 02:17:04,388",66,-0.5,43,0.099341
"2019-08-28 02:17:09,798",67,-0.4,43,0.099334
"2019-08-28 02:17:16,652",68,-0.5,50,0.099325
"2019-08-28 02:17:22,573",69,-0.3,43,0.099317
"2019-08-28 02:17:28,481",70,-0.3,43,0.099309
"2019-08-28 02:17:35,441",71,-0.3,53,0.099300
"2019-08-28 02:17:40,858",72,-0.4,43,0.099293
"2019-08-28 02:17:47,807",73,-0.3,56,0.099284
"2019-08-28 02:17:53,752",74,-0.4,43,0.099276
"2019-08-28 02:18:01,260",75,-0.2,57,0.099266
"2019-08-28 02:18:12,134",76,0.1,43,0.099252
"2019-08-28 02:18:18,206",77,-0.4,43,0.099244
"2019-08-28 02:18:24,104",78,-0.3,43,0.099236
"2019-08-28 02:18:30,097",79,-0.3,43,0.099228
"2019-08-28 02:18:36,089",80,-0.3,43,0.099220
"2019-08-28 02:18:41,528",81,-0.5,43,0.099213
"2019-08-28 02:18:47,013",82,-0.4,43,0.099206
"2019-08-28 02:18:52,420",83,-0.4,43,0.099199
"2019-08-28 02:18:58,394",84,-0.3,43,0.099191
"2019-08-28 02:19:05,860",85,-0.2,59,0.099181
"2019-08-28 02:19:11,416",86,-0.4,43,0.099174
"2019-08-28 02:19:17,031",87,-0.4,43,0.099167
"2019-08-28 02:19:22,500",88,-0.4,43,0.099160
"2019-08-28 02:19:28,557",89,-0.5,43,0.099152
"2019-08-28 02:19:34,584",90,-0.3,43,0.099144
"2019-08-28 02:19:40,040",91,-0.4,43,0.099137
"2019-08-28 02:19:45,527",92,-0.4,43,0.099130
"2019-08-28 02:19:50,979",93,-0.5,43,0.099123
"2019-08-28 02:19:57,021",94,-0.3,43,0.099115
"2019-08-28 02:20:03,060",95,-0.4,43,0.099107
"2019-08-28 02:20:08,519",96,-0.4,43,0.099100
"2019-08-28 02:20:14,182",97,-0.5,43,0.099093
"2019-08-28 02:20:20,230",98,-0.3,43,0.099085
"2019-08-28 02:20:26,275",99,-0.3,43,0.099077
"2019-08-28 02:20:31,748",100,-0.7,43,0.099070
"2019-08-28 02:20:37,206",101,-0.4,43,0.099063
"2019-08-28 02:20:42,863",102,-0.5,43,0.099056
"2019-08-28 02:20:48,893",103,-0.3,43,0.099048
"2019-08-28 02:20:54,928",104,-0.5,43,0.099040
"2019-08-28 02:21:01,476",105,-0.5,43,0.099032
"2019-08-28 02:21:07,138",106,-0.5,43,0.099025
"2019-08-28 02:21:12,607",107,-0.5,43,0.099018
"2019-08-28 02:21:18,616",108,-0.3,43,0.099010
"2019-08-28 02:21:24,647",109,-0.3,43,0.099002
"2019-08-28 02:21:31,562",110,-0.5,56,0.098993
"2019-08-28 02:21:39,284",111,-0.5,58,0.098983
"2019-08-28 02:21:44,791",112,-0.4,43,0.098976
"2019-08-28 02:21:50,814",113,-0.3,43,0.098968
"2019-08-28 02:21:56,777",114,-0.4,43,0.098960
"2019-08-28 02:22:02,735",115,-0.3,43,0.098952
"2019-08-28 02:22:08,754",116,-0.3,43,0.098944
"2019-08-28 02:22:14,176",117,-0.4,43,0.098937
"2019-08-28 02:22:20,215",118,-0.3,43,0.098929
"2019-08-28 02:22:26,231",119,-0.3,43,0.098921
"2019-08-28 02:22:31,635",120,-0.4,43,0.098914
"2019-08-28 02:22:37,134",121,-0.4,43,0.098907
"2019-08-28 02:22:42,722",122,-0.5,43,0.098900
"2019-08-28 02:22:48,207",123,-0.6,43,0.098893
"2019-08-28 02:22:54,253",124,-0.4,43,0.098885
"2019-08-28 02:23:00,284",125,-0.3,43,0.098877
"2019-08-28 02:23:06,478",126,-0.3,43,0.098869
"2019-08-28 02:23:12,078",127,-0.5,43,0.098862
"2019-08-28 02:23:17,520",128,-0.4,43,0.098855
"2019-08-28 02:23:23,505",129,-0.3,43,0.098847
"2019-08-28 02:23:30,272",130,-0.4,55,0.098838
"2019-08-28 02:23:35,755",131,-0.5,43,0.098831
"2019-08-28 02:23:41,229",132,-0.5,43,0.098824
"2019-08-28 02:23:47,334",133,-0.3,43,0.098816
"2019-08-28 02:23:52,959",134,-0.5,43,0.098809
"2019-08-28 02:23:58,976",135,-0.3,43,0.098801
"2019-08-28 02:24:04,546",136,-0.4,43,0.098794
"2019-08-28 02:24:10,039",137,-0.4,43,0.098787
"2019-08-28 02:24:15,447",138,-0.5,43,0.098780
"2019-08-28 02:24:21,478",139,-0.3,43,0.098772
"2019-08-28 02:24:29,026",140,-0.2,58,0.098762
"2019-08-28 02:24:36,807",141,-0.4,60,0.098752
"2019-08-28 02:24:42,879",142,-0.3,43,0.098744
"2019-08-28 02:24:48,904",143,-0.4,42,0.098736
"2019-08-28 02:24:55,752",144,-0.4,56,0.098727
"2019-08-28 02:25:01,795",145,-0.3,43,0.098719
"2019-08-28 02:25:07,202",146,-0.4,43,0.098712
"2019-08-28 02:25:12,657",147,-0.4,43,0.098705
"2019-08-28 02:25:18,778",148,-0.3,43,0.098697
"2019-08-28 02:25:24,728",149,-0.3,43,0.098689
"2019-08-28 02:25:30,773",150,-0.3,43,0.098681
"2019-08-28 02:25:36,282",151,-0.5,43,0.098674
"2019-08-28 02:25:41,884",152,-0.5,43,0.098667
"2019-08-28 02:25:47,426",153,-0.5,43,0.098660
"2019-08-28 02:25:53,549",154,-0.4,43,0.098652
"2019-08-28 02:25:58,995",155,-0.5,43,0.098645
"2019-08-28 02:26:04,667",156,-0.5,43,0.098638
"2019-08-28 02:26:10,249",157,-0.5,43,0.098631
"2019-08-28 02:26:17,148",158,-0.5,52,0.098622
"2019-08-28 02:26:23,171",159,-0.4,43,0.098614
"2019-08-28 02:26:29,144",160,-0.3,43,0.098606
"2019-08-28 02:26:34,731",161,-0.5,43,0.098599
"2019-08-28 02:26:40,163",162,-0.5,42,0.098592
"2019-08-28 02:26:46,355",163,-0.4,43,0.098584
"2019-08-28 02:26:52,454",164,-0.4,43,0.098576
"2019-08-28 02:26:58,536",165,-0.4,43,0.098568
"2019-08-28 02:27:04,055",166,-0.5,43,0.098561
"2019-08-28 02:27:09,521",167,-0.5,43,0.098554
"2019-08-28 02:27:15,195",168,-0.6,43,0.098547
"2019-08-28 02:27:21,315",169,-0.3,43,0.098539
"2019-08-28 02:27:28,876",170,-0.2,59,0.098529
"2019-08-28 02:27:34,337",171,-0.4,43,0.098522
"2019-08-28 02:27:39,865",172,-0.4,43,0.098515
"2019-08-28 02:27:46,703",173,-0.3,52,0.098506
"2019-08-28 02:27:52,665",174,-0.3,43,0.098499
"2019-08-28 02:27:58,724",175,-0.3,43,0.098491
"2019-08-28 02:28:04,284",176,-0.6,43,0.098484
"2019-08-28 02:28:09,755",177,-0.4,43,0.098477
"2019-08-28 02:28:15,817",178,-0.3,43,0.098469
"2019-08-28 02:28:21,841",179,-0.3,43,0.098461
"2019-08-28 02:28:27,292",180,-0.4,43,0.098454
"2019-08-28 02:28:32,796",181,-0.5,43,0.098447
"2019-08-28 02:28:38,477",182,-0.4,43,0.098440
"2019-08-28 02:28:43,922",183,-0.4,43,0.098433
"2019-08-28 02:28:49,328",184,-0.5,43,0.098426
"2019-08-28 02:28:55,424",185,-0.3,43,0.098418
"2019-08-28 02:29:00,901",186,-0.4,43,0.098411
"2019-08-28 02:29:06,496",187,-0.4,43,0.098404
"2019-08-28 02:29:11,944",188,-0.4,43,0.098397
"2019-08-28 02:29:17,340",189,-0.4,43,0.098390
"2019-08-28 02:29:23,298",190,-0.3,43,0.098382
"2019-08-28 02:29:28,817",191,-0.6,43,0.098375
"2019-08-28 02:29:34,287",192,-0.5,43,0.098368
"2019-08-28 02:29:40,376",193,-0.3,43,0.098360
"2019-08-28 02:29:46,421",194,-0.3,43,0.098352
"2019-08-28 02:29:52,400",195,-0.3,42,0.098344
"2019-08-28 02:29:57,812",196,-0.6,43,0.098337
"2019-08-28 02:30:03,461",197,-0.4,43,0.098330
"2019-08-28 02:30:11,069",198,-0.3,59,0.098320
"2019-08-28 02:30:17,157",199,-0.5,43,0.098312
"2019-08-28 02:30:23,892",200,-0.5,55,0.098303
"2019-08-28 02:30:30,035",201,-0.3,43,0.098295
"2019-08-28 02:30:35,520",202,-0.4,43,0.098288
"2019-08-28 02:30:40,922",203,-0.4,43,0.098281
"2019-08-28 02:30:47,800",204,-0.3,49,0.098272
"2019-08-28 02:30:53,195",205,-0.6,43,0.098265
"2019-08-28 02:30:59,311",206,-0.4,43,0.098257
"2019-08-28 02:31:04,884",207,-0.5,43,0.098250
"2019-08-28 02:31:10,307",208,-0.5,43,0.098243
"2019-08-28 02:31:16,302",209,-0.3,43,0.098235
"2019-08-28 02:31:22,392",210,-0.3,42,0.098227
"2019-08-28 02:31:34,042",211,0.2,43,0.098212
"2019-08-28 02:31:39,563",212,-0.4,43,0.098205
"2019-08-28 02:31:45,003",213,-0.5,43,0.098198
"2019-08-28 02:31:51,068",214,-0.3,43,0.098190
"2019-08-28 02:31:57,185",215,-0.3,43,0.098182
"2019-08-28 02:32:02,729",216,-0.4,43,0.098175
"2019-08-28 02:32:08,336",217,-0.4,43,0.098168
"2019-08-28 02:32:13,728",218,-0.5,43,0.098161
"2019-08-28 02:32:19,215",219,-0.5,42,0.098154
"2019-08-28 02:32:24,609",220,-0.4,43,0.098147
"2019-08-28 02:32:30,040",221,-0.4,43,0.098140
"2019-08-28 02:32:35,610",222,-0.5,43,0.098133
"2019-08-28 02:32:41,078",223,-0.5,43,0.098126
"2019-08-28 02:32:47,946",224,-0.3,53,0.098117
"2019-08-28 02:32:53,995",225,-0.3,43,0.098109
"2019-08-28 02:32:59,494",226,-0.4,43,0.098102
"2019-08-28 02:33:05,008",227,-0.4,43,0.098095
"2019-08-28 02:33:11,200",228,-0.3,43,0.098087
"2019-08-28 02:33:18,009",229,-0.4,55,0.098078
"2019-08-28 02:33:24,085",230,-0.3,43,0.098070
"2019-08-28 02:33:29,687",231,-0.4,43,0.098063
"2019-08-28 02:33:35,284",232,-0.4,43,0.098056
"2019-08-28 02:33:40,710",233,-0.5,42,0.098049
"2019-08-28 02:33:46,722",234,-0.3,43,0.098041
"2019-08-28 02:33:52,800",235,-0.3,43,0.098033
"2019-08-28 02:33:58,479",236,-0.4,43,0.098026
"2019-08-28 02:34:03,956",237,-0.4,43,0.098019
"2019-08-28 02:34:09,408",238,-0.4,43,0.098012
"2019-08-28 02:34:15,416",239,-0.3,43,0.098004
"2019-08-28 02:34:21,561",240,-0.3,43,0.097996
"2019-08-28 02:34:27,695",241,-0.3,43,0.097988
"2019-08-28 02:34:33,191",242,-0.5,43,0.097981
"2019-08-28 02:34:39,372",243,-0.3,43,0.097973
"2019-08-28 02:34:45,451",244,-0.4,43,0.097965
"2019-08-28 02:34:51,007",245,-0.4,43,0.097958
"2019-08-28 02:34:56,451",246,-0.4,43,0.097951
"2019-08-28 02:35:01,990",247,-0.4,43,0.097944
"2019-08-28 02:35:07,513",248,-0.4,43,0.097937
"2019-08-28 02:35:13,001",249,-0.5,43,0.097930
"2019-08-28 02:35:18,509",250,-0.4,43,0.097923
"2019-08-28 02:35:24,026",251,-0.5,43,0.097916
"2019-08-28 02:35:29,543",252,-0.4,43,0.097909
"2019-08-28 02:35:35,035",253,-0.4,43,0.097902
"2019-08-28 02:35:40,537",254,-0.4,43,0.097895
"2019-08-28 02:35:48,219",255,-0.4,62,0.097885
"2019-08-28 02:35:53,634",256,-0.4,43,0.097878
"2019-08-28 02:35:59,249",257,-0.5,43,0.097871
"2019-08-28 02:36:04,674",258,-0.4,43,0.097864
"2019-08-28 02:36:10,758",259,-0.3,43,0.097856
"2019-08-28 02:36:16,913",260,-0.5,49,0.097848
"2019-08-28 02:36:22,339",261,-0.4,43,0.097841
"2019-08-28 02:36:27,804",262,-0.4,43,0.097834
"2019-08-28 02:36:33,253",263,-0.4,43,0.097827
"2019-08-28 02:36:38,754",264,-0.5,43,0.097820
"2019-08-28 02:36:44,770",265,-0.3,43,0.097812
"2019-08-28 02:36:50,271",266,-0.4,43,0.097805
"2019-08-28 02:36:55,698",267,-0.4,43,0.097798
"2019-08-28 02:37:01,848",268,-0.3,43,0.097790
"2019-08-28 02:37:07,865",269,-0.4,43,0.097782
"2019-08-28 02:37:13,882",270,-0.3,43,0.097774
"2019-08-28 02:37:19,380",271,-0.4,43,0.097767
"2019-08-28 02:37:24,846",272,-0.4,43,0.097760
"2019-08-28 02:37:30,253",273,-0.5,43,0.097753
"2019-08-28 02:37:36,268",274,-0.3,43,0.097745
"2019-08-28 02:37:41,710",275,-0.4,43,0.097738
"2019-08-28 02:37:47,252",276,-0.5,43,0.097731
"2019-08-28 02:37:52,724",277,-0.4,43,0.097724
"2019-08-28 02:37:58,140",278,-0.5,43,0.097717
"2019-08-28 02:38:04,239",279,-0.3,43,0.097709
"2019-08-28 02:38:10,244",280,-0.3,43,0.097701
"2019-08-28 02:38:16,403",281,-0.3,43,0.097693
"2019-08-28 02:38:21,876",282,-0.4,43,0.097686
"2019-08-28 02:38:27,289",283,-0.5,43,0.097679
"2019-08-28 02:38:32,650",284,-0.5,43,0.097672
"2019-08-28 02:38:38,046",285,-0.4,43,0.097665
"2019-08-28 02:38:43,528",286,-0.4,43,0.097658
"2019-08-28 02:38:49,117",287,-0.4,43,0.097651
"2019-08-28 02:38:54,584",288,-0.6,43,0.097644
"2019-08-28 02:39:02,128",289,-0.3,57,0.097634
"2019-08-28 02:39:07,596",290,-0.5,43,0.097627
"2019-08-28 02:39:13,100",291,-0.4,43,0.097620
"2019-08-28 02:39:18,745",292,-0.5,43,0.097613
"2019-08-28 02:39:24,854",293,-0.3,43,0.097605
"2019-08-28 02:39:30,479",294,-0.4,43,0.097598
"2019-08-28 02:39:36,592",295,-0.3,43,0.097590
"2019-08-28 02:39:42,083",296,-0.4,43,0.097583
"2019-08-28 02:39:47,790",297,-0.5,43,0.097576
"2019-08-28 02:39:53,947",298,-0.4,43,0.097568
"2019-08-28 02:39:59,971",299,-0.3,43,0.097560
"2019-08-28 02:40:06,062",300,-0.3,43,0.097552
"2019-08-28 02:40:11,581",301,-0.4,43,0.097545
"2019-08-28 02:40:17,081",302,-0.4,43,0.097538
"2019-08-28 02:40:23,136",303,-0.3,43,0.097530
"2019-08-28 02:40:29,143",304,-0.3,43,0.097522
"2019-08-28 02:40:35,255",305,-0.4,43,0.097514
"2019-08-28 02:40:40,753",306,-0.4,43,0.097507
"2019-08-28 02:40:47,054",307,-0.4,43,0.097500
"2019-08-28 02:40:53,242",308,-0.3,43,0.097492
"2019-08-28 02:40:59,289",309,-0.4,43,0.097484
"2019-08-28 02:41:05,328",310,-0.3,43,0.097476
"2019-08-28 02:41:10,922",311,-0.4,43,0.097469
"2019-08-28 02:41:17,101",312,-0.3,43,0.097461
"2019-08-28 02:41:23,155",313,-0.4,43,0.097453
"2019-08-28 02:41:29,127",314,-0.4,43,0.097445
"2019-08-28 02:41:35,140",315,-0.3,43,0.097437
"2019-08-28 02:41:40,707",316,-0.4,43,0.097430
"2019-08-28 02:41:46,280",317,-0.5,43,0.097423
"2019-08-28 02:41:51,771",318,-0.4,43,0.097416
"2019-08-28 02:41:57,300",319,-0.5,43,0.097409
"2019-08-28 02:42:02,717",320,-0.4,43,0.097402
"2019-08-28 02:42:08,232",321,-0.5,43,0.097395
"2019-08-28 02:42:13,817",322,-0.4,43,0.097388
"2019-08-28 02:42:19,340",323,-0.5,43,0.097381
"2019-08-28 02:42:25,398",324,-0.3,43,0.097373
"2019-08-28 02:42:31,572",325,-0.4,43,0.097365
"2019-08-28 02:42:37,694",326,-0.3,43,0.097357
"2019-08-28 02:42:43,189",327,-0.4,43,0.097350
"2019-08-28 02:42:49,272",328,-0.3,43,0.097342
"2019-08-28 02:42:55,355",329,-0.4,43,0.097334
"2019-08-28 02:43:01,475",330,-0.4,43,0.097326
"2019-08-28 02:43:07,004",331,-0.4,43,0.097319
"2019-08-28 02:43:12,636",332,-0.4,43,0.097312
"2019-08-28 02:43:18,100",333,-0.4,43,0.097305
"2019-08-28 02:43:24,144",334,-0.3,43,0.097297
"2019-08-28 02:43:30,191",335,-0.3,43,0.097289
"2019-08-28 02:43:35,677",336,-0.4,43,0.097282
"2019-08-28 02:43:41,201",337,-0.4,43,0.097275
"2019-08-28 02:43:52,582",338,0.3,43,0.097260
"2019-08-28 02:43:58,687",339,-0.3,43,0.097252
"2019-08-28 02:44:04,786",340,-0.3,43,0.097244
"2019-08-28 02:44:10,200",341,-0.4,43,0.097237
"2019-08-28 02:44:15,709",342,-0.4,43,0.097230
"2019-08-28 02:44:21,211",343,-0.4,43,0.097223
"2019-08-28 02:44:27,304",344,-0.4,43,0.097215
"2019-08-28 02:44:32,847",345,-0.4,43,0.097208
"2019-08-28 02:44:38,310",346,-0.4,43,0.097201
"2019-08-28 02:44:43,853",347,-0.4,43,0.097194
"2019-08-28 02:44:49,477",348,-0.4,43,0.097187
"2019-08-28 02:44:54,876",349,-0.4,43,0.097180
"2019-08-28 02:45:00,435",350,-0.5,43,0.097173
"2019-08-28 02:45:06,075",351,-0.5,43,0.097166
"2019-08-28 02:45:11,629",352,-0.4,43,0.097159
"2019-08-28 02:45:17,108",353,-0.4,43,0.097152
"2019-08-28 02:45:22,513",354,-0.4,43,0.097145
"2019-08-28 02:45:27,952",355,-0.4,43,0.097138
"2019-08-28 02:45:33,543",356,-0.4,43,0.097131
"2019-08-28 02:45:39,047",357,-0.4,43,0.097124
"2019-08-28 02:45:44,505",358,-0.4,43,0.097117
"2019-08-28 02:45:49,937",359,-0.5,43,0.097110
"2019-08-28 02:45:56,011",360,-0.3,43,0.097102
"2019-08-28 02:46:01,496",361,-0.4,43,0.097095
"2019-08-28 02:46:06,958",362,-0.4,43,0.097088
"2019-08-28 02:46:13,034",363,-0.3,43,0.097080
"2019-08-28 02:46:19,076",364,-0.3,43,0.097072
"2019-08-28 02:46:24,987",365,-0.3,43,0.097064
"2019-08-28 02:46:30,571",366,-0.4,43,0.097057
"2019-08-28 02:46:36,095",367,-0.5,43,0.097050
"2019-08-28 02:46:47,627",368,0.3,43,0.097035
"2019-08-28 02:46:53,641",369,-0.3,43,0.097027
"2019-08-28 02:46:59,650",370,-0.3,43,0.097019
"2019-08-28 02:47:05,171",371,-0.5,43,0.097012
"2019-08-28 02:47:10,698",372,-0.5,43,0.097005
"2019-08-28 02:47:16,211",373,-0.5,43,0.096998
"2019-08-28 02:47:22,267",374,-0.3,43,0.096990
"2019-08-28 02:47:28,249",375,-0.3,43,0.096982
"2019-08-28 02:47:33,868",376,-0.4,43,0.096975
"2019-08-28 02:47:39,388",377,-0.4,43,0.096968
"2019-08-28 02:47:46,263",378,-0.3,53,0.096959
"2019-08-28 02:47:52,260",379,-0.3,43,0.096951
"2019-08-28 02:47:57,683",380,-0.4,43,0.096944
"2019-08-28 02:48:03,146",381,-0.4,43,0.096937
"2019-08-28 02:48:08,911",382,-0.5,43,0.096930
"2019-08-28 02:48:14,369",383,-0.4,43,0.096923
"2019-08-28 02:48:19,775",384,-0.5,43,0.096916
"2019-08-28 02:48:25,906",385,-0.3,43,0.096908
"2019-08-28 02:48:31,408",386,-0.4,43,0.096901
"2019-08-28 02:48:36,952",387,-0.5,43,0.096894
"2019-08-28 02:48:42,466",388,-0.4,43,0.096887
"2019-08-28 02:48:48,509",389,-0.3,43,0.096879
"2019-08-28 02:48:54,561",390,-0.3,43,0.096871
"2019-08-28 02:49:00,124",391,-0.4,43,0.096864
"2019-08-28 02:49:05,708",392,-0.4,43,0.096857
"2019-08-28 02:49:11,139",393,-0.5,43,0.096850
"2019-08-28 02:49:17,992",394,-0.4,55,0.096841
"2019-08-28 02:49:24,070",395,-0.3,43,0.096833
"2019-08-28 02:49:30,216",396,-0.4,43,0.096825
"2019-08-28 02:49:35,762",397,-0.4,43,0.096818
"2019-08-28 02:49:41,990",398,-0.3,43,0.096810
"2019-08-28 02:49:48,099",399,-0.4,43,0.096802
"2019-08-28 02:49:54,141",400,-0.3,43,0.096794
"2019-08-28 02:49:59,632",401,-0.4,43,0.096787
"2019-08-28 02:50:05,163",402,-0.4,43,0.096780
"2019-08-28 02:50:10,636",403,-0.4,43,0.096773
"2019-08-28 02:50:16,078",404,-0.4,43,0.096766
"2019-08-28 02:50:22,098",405,-0.3,43,0.096758
"2019-08-28 02:50:28,207",406,-0.3,43,0.096750
"2019-08-28 02:50:33,755",407,-0.4,43,0.096743
"2019-08-28 02:50:39,144",408,-0.4,43,0.096736
"2019-08-28 02:50:45,214",409,-0.3,43,0.096728
"2019-08-28 02:50:50,626",410,-0.4,43,0.096721
"2019-08-28 02:50:56,107",411,-0.4,43,0.096714
"2019-08-28 02:51:01,772",412,-0.5,43,0.096707
"2019-08-28 02:51:07,200",413,-0.4,43,0.096700
"2019-08-28 02:51:18,010",414,0.2,43,0.096686
"2019-08-28 02:51:24,098",415,-0.3,43,0.096678
"2019-08-28 02:51:29,668",416,-0.4,43,0.096671
"2019-08-28 02:51:35,245",417,-0.4,43,0.096664
"2019-08-28 02:51:40,748",418,-0.4,43,0.096657
"2019-08-28 02:51:49,271",419,-0.4,68,0.096646
"2019-08-28 02:51:54,740",420,-0.4,43,0.096639
"2019-08-28 02:52:00,253",421,-0.4,43,0.096632
"2019-08-28 02:52:05,860",422,-0.5,43,0.096625
"2019-08-28 02:52:11,406",423,-0.4,43,0.096618
"2019-08-28 02:52:17,485",424,-0.3,43,0.096610
"2019-08-28 02:52:23,616",425,-0.3,43,0.096602
"2019-08-28 02:52:29,094",426,-0.4,43,0.096595
"2019-08-28 02:52:34,541",427,-0.4,43,0.096588
"2019-08-28 02:52:40,031",428,-0.5,43,0.096581
"2019-08-28 02:52:46,075",429,-0.3,43,0.096573
"2019-08-28 02:52:52,102",430,-0.3,43,0.096565
"2019-08-28 02:52:57,575",431,-0.4,43,0.096558
"2019-08-28 02:53:03,173",432,-0.4,43,0.096551
"2019-08-28 02:53:08,606",433,-0.4,43,0.096544
"2019-08-28 02:53:20,155",434,0.2,43,0.096529
"2019-08-28 02:53:26,313",435,-0.4,43,0.096521
"2019-08-28 02:53:31,835",436,-0.4,43,0.096514
"2019-08-28 02:53:37,485",437,-0.7,43,0.096507
"2019-08-28 02:53:43,056",438,-0.5,43,0.096501
"2019-08-28 02:53:49,148",439,-0.3,43,0.096493
"2019-08-28 02:53:55,260",440,-0.3,43,0.096485
"2019-08-28 02:54:00,772",441,-0.4,43,0.096478
"2019-08-28 02:54:06,429",442,-0.5,43,0.096471
"2019-08-28 02:54:12,561",443,-0.3,43,0.096463
"2019-08-28 02:54:18,783",444,-0.3,43,0.096455
"2019-08-28 02:54:24,839",445,-0.3,43,0.096447
"2019-08-28 02:54:30,310",446,-0.4,43,0.096440
"2019-08-28 02:54:35,941",447,-0.4,43,0.096433
"2019-08-28 02:54:41,502",448,-0.5,43,0.096426
"2019-08-28 02:54:47,645",449,-0.3,43,0.096418
"2019-08-28 02:54:53,660",450,-0.3,43,0.096410
"2019-08-28 02:54:59,140",451,-0.4,43,0.096403
"2019-08-28 02:55:04,635",452,-0.4,43,0.096396
"2019-08-28 02:55:10,127",453,-0.5,43,0.096389
"2019-08-28 02:55:16,224",454,-0.4,43,0.096381
"2019-08-28 02:55:21,789",455,-0.4,43,0.096374
"2019-08-28 02:55:27,312",456,-0.4,43,0.096367
"2019-08-28 02:55:32,819",457,-0.4,43,0.096360
"2019-08-28 02:55:38,352",458,-0.4,43,0.096353
"2019-08-28 02:55:43,851",459,-0.4,43,0.096346
"2019-08-28 02:55:49,894",460,-0.3,43,0.096338
"2019-08-28 02:55:55,481",461,-0.5,43,0.096331
"2019-08-28 02:56:01,011",462,-0.5,43,0.096324
"2019-08-28 02:56:06,661",463,-0.4,43,0.096317
"2019-08-28 02:56:14,231",464,-0.3,57,0.096307
"2019-08-28 02:56:19,611",465,-0.4,42,0.096300
"2019-08-28 02:56:25,142",466,-0.4,42,0.096293
"2019-08-28 02:56:30,729",467,-0.4,43,0.096286
"2019-08-28 02:56:47,581",468,0.8,43,0.096264
"2019-08-28 02:56:53,682",469,-0.3,43,0.096256
"2019-08-28 02:56:59,699",470,-0.3,43,0.096248
"2019-08-28 02:57:05,125",471,-0.5,43,0.096241
"2019-08-28 02:57:10,713",472,-0.5,43,0.096234
"2019-08-28 02:57:16,879",473,-0.3,43,0.096226
"2019-08-28 02:57:22,961",474,-0.3,43,0.096218
"2019-08-28 02:57:29,055",475,-0.3,43,0.096210
"2019-08-28 02:57:34,508",476,-0.4,43,0.096203
"2019-08-28 02:57:40,085",477,-0.5,43,0.096196
"2019-08-28 02:57:45,580",478,-0.5,43,0.096189
"2019-08-28 02:57:51,176",479,-0.4,43,0.096182
"2019-08-28 02:57:57,310",480,-0.3,43,0.096174
"2019-08-28 02:58:02,748",481,-0.4,43,0.096167
"2019-08-28 02:58:08,259",482,-0.6,43,0.096160
"2019-08-28 02:58:13,754",483,-0.4,43,0.096153
"2019-08-28 02:58:19,771",484,-0.4,43,0.096145
"2019-08-28 02:58:25,169",485,-0.4,43,0.096138
"2019-08-28 02:58:30,654",486,-0.4,43,0.096131
"2019-08-28 02:58:36,237",487,-0.5,43,0.096124
"2019-08-28 02:58:41,745",488,-0.4,43,0.096117
"2019-08-28 02:58:47,183",489,-0.4,43,0.096110
"2019-08-28 02:58:53,237",490,-0.3,43,0.096102
"2019-08-28 02:58:58,782",491,-0.4,43,0.096095
"2019-08-28 02:59:04,306",492,-0.4,43,0.096088
"2019-08-28 02:59:09,820",493,-0.4,43,0.096081
"2019-08-28 02:59:15,223",494,-0.4,43,0.096074
"2019-08-28 02:59:21,260",495,-0.4,43,0.096066
"2019-08-28 02:59:26,821",496,-0.4,43,0.096059
"2019-08-28 02:59:32,278",497,-0.4,43,0.096052
"2019-08-28 02:59:37,793",498,-0.4,43,0.096045
"2019-08-28 02:59:43,853",499,-0.3,43,0.096037
"2019-08-28 02:59:49,877",500,-0.3,43,0.096029
"2019-08-28 02:59:55,323",501,-0.4,43,0.096022
"2019-08-28 03:00:00,892",502,-0.4,43,0.096015
"2019-08-28 03:00:12,320",503,0.3,43,0.096000
"2019-08-28 03:00:18,361",504,-0.3,43,0.095992
"2019-08-28 03:00:23,772",505,-0.4,43,0.095985
"2019-08-28 03:00:29,320",506,-0.5,43,0.095978
"2019-08-28 03:00:34,867",507,-0.4,43,0.095971
"2019-08-28 03:00:40,297",508,-0.6,43,0.095964
"2019-08-28 03:00:45,685",509,-0.5,43,0.095957
"2019-08-28 03:00:51,230",510,-0.4,43,0.095950
"2019-08-28 03:00:56,761",511,-0.4,43,0.095943
"2019-08-28 03:01:02,316",512,-0.4,43,0.095936
"2019-08-28 03:01:07,818",513,-0.5,43,0.095929
"2019-08-28 03:01:13,297",514,-0.4,43,0.095922
"2019-08-28 03:01:18,823",515,-0.5,43,0.095915
"2019-08-28 03:01:24,288",516,-0.4,43,0.095908
"2019-08-28 03:01:29,782",517,-0.4,43,0.095901
"2019-08-28 03:01:35,476",518,-0.4,43,0.095894
"2019-08-28 03:01:46,937",519,0.3,43,0.095879
"2019-08-28 03:01:52,400",520,-0.4,43,0.095872
"2019-08-28 03:01:57,903",521,-0.5,43,0.095865
"2019-08-28 03:02:03,444",522,-0.4,43,0.095858
"2019-08-28 03:02:09,014",523,-0.4,43,0.095851
"2019-08-28 03:02:15,081",524,-0.3,43,0.095843
"2019-08-28 03:02:21,152",525,-0.3,43,0.095835
"2019-08-28 03:02:32,024",526,0.1,43,0.095821
"2019-08-28 03:02:37,562",527,-0.5,43,0.095814
"2019-08-28 03:02:44,673",528,-0.4,57,0.095805
"2019-08-28 03:02:50,068",529,-0.4,43,0.095798
"2019-08-28 03:02:56,245",530,-0.3,43,0.095790
"2019-08-28 03:03:01,861",531,-0.6,43,0.095783
"2019-08-28 03:03:07,391",532,-0.6,43,0.095776
"2019-08-28 03:03:12,866",533,-0.5,43,0.095769
"2019-08-28 03:03:18,910",534,-0.3,43,0.095761
"2019-08-28 03:03:24,928",535,-0.3,43,0.095753
"2019-08-28 03:03:30,405",536,-0.4,43,0.095746
"2019-08-28 03:03:36,005",537,-0.4,43,0.095739
"2019-08-28 03:03:41,479",538,-0.5,43,0.095732
"2019-08-28 03:03:53,000",539,0.1,43,0.095717
"2019-08-28 03:03:59,120",540,-0.3,43,0.095709
"2019-08-28 03:04:04,574",541,-0.4,43,0.095702
"2019-08-28 03:04:10,128",542,-0.4,43,0.095695
"2019-08-28 03:04:16,307",543,-0.3,43,0.095687
"2019-08-28 03:04:27,205",544,0.1,43,0.095673
"2019-08-28 03:04:38,136",545,0.2,43,0.095659
"2019-08-28 03:04:43,565",546,-0.4,43,0.095652
"2019-08-28 03:04:49,116",547,-0.4,43,0.095645
"2019-08-28 03:04:54,645",548,-0.4,43,0.095638
"2019-08-28 03:05:00,029",549,-0.4,43,0.095631
"2019-08-28 03:05:06,093",550,-0.3,43,0.095623
"2019-08-28 03:05:17,146",551,0.1,43,0.095609
"2019-08-28 03:05:23,295",552,-0.3,43,0.095601
"2019-08-28 03:05:29,348",553,-0.3,43,0.095593
"2019-08-28 03:05:35,390",554,-0.3,43,0.095585
"2019-08-28 03:05:40,941",555,-0.4,43,0.095578
"2019-08-28 03:05:46,469",556,-0.5,43,0.095571
"2019-08-28 03:05:52,061",557,-0.5,43,0.095564
"2019-08-28 03:05:57,459",558,-0.4,43,0.095557
"2019-08-28 03:06:02,971",559,-0.6,43,0.095550
"2019-08-28 03:06:09,069",560,-0.3,43,0.095542
"2019-08-28 03:06:15,052",561,-0.4,43,0.095535
"2019-08-28 03:06:20,787",562,-0.4,43,0.095528
"2019-08-28 03:06:26,309",563,-0.5,43,0.095521
"2019-08-28 03:06:32,339",564,-0.3,43,0.095513
"2019-08-28 03:06:37,741",565,-0.5,43,0.095506
"2019-08-28 03:06:43,241",566,-0.4,43,0.095500
"2019-08-28 03:06:48,924",567,-0.4,43,0.095493
"2019-08-28 03:06:55,030",568,-0.3,43,0.095485
"2019-08-28 03:07:01,203",569,-0.4,43,0.095477
"2019-08-28 03:07:06,630",570,-0.4,43,0.095470
"2019-08-28 03:07:12,160",571,-0.4,43,0.095463
"2019-08-28 03:07:17,703",572,-0.4,43,0.095456
"2019-08-28 03:07:23,210",573,-0.6,43,0.095449
"2019-08-28 03:07:28,716",574,-0.4,43,0.095442
"2019-08-28 03:07:34,097",575,-0.7,43,0.095435
"2019-08-28 03:07:39,695",576,-0.4,43,0.095428
"2019-08-28 03:07:45,262",577,-0.4,43,0.095421
"2019-08-28 03:07:50,735",578,-0.4,43,0.095414
"2019-08-28 03:07:56,847",579,-0.4,43,0.095406
"2019-08-28 03:08:02,280",580,-0.4,43,0.095399
"2019-08-28 03:08:07,777",581,-0.5,43,0.095392
"2019-08-28 03:08:13,327",582,-0.4,43,0.095385
"2019-08-28 03:08:19,408",583,-0.3,43,0.095377
"2019-08-28 03:08:25,474",584,-0.3,43,0.095369
"2019-08-28 03:08:37,005",585,0.3,43,0.095354
"2019-08-28 03:08:42,470",586,-0.4,43,0.095347
"2019-08-28 03:08:47,998",587,-0.4,43,0.095340
"2019-08-28 03:08:53,432",588,-0.6,43,0.095333
"2019-08-28 03:08:58,925",589,-0.4,43,0.095326
"2019-08-28 03:09:04,997",590,-0.3,43,0.095318
"2019-08-28 03:09:10,493",591,-0.5,43,0.095311
"2019-08-28 03:09:16,078",592,-0.4,43,0.095304
"2019-08-28 03:09:21,571",593,-0.4,43,0.095297
"2019-08-28 03:09:27,696",594,-0.4,43,0.095289
"2019-08-28 03:09:33,747",595,-0.3,43,0.095281
"2019-08-28 03:09:39,222",596,-0.4,43,0.095274
"2019-08-28 03:09:44,669",597,-0.5,43,0.095267
"2019-08-28 03:09:50,152",598,-0.5,43,0.095260
"2019-08-28 03:09:55,518",599,-0.4,43,0.095253
"2019-08-28 03:10:01,648",600,-0.3,43,0.095245
"2019-08-28 03:10:07,095",601,-0.4,43,0.095238
"2019-08-28 03:10:12,642",602,-0.4,43,0.095231
"2019-08-28 03:10:18,111",603,-0.4,43,0.095224
"2019-08-28 03:10:23,622",604,-0.5,43,0.095217
"2019-08-28 03:10:29,034",605,-0.4,43,0.095210
"2019-08-28 03:10:34,522",606,-0.4,43,0.095203
"2019-08-28 03:10:40,252",607,-0.4,43,0.095196
"2019-08-28 03:10:45,720",608,-0.4,43,0.095189
"2019-08-28 03:10:51,173",609,-0.4,43,0.095182
"2019-08-28 03:10:56,727",610,-0.5,43,0.095175
"2019-08-28 03:11:02,314",611,-0.4,42,0.095168
"2019-08-28 03:11:07,965",612,-0.5,43,0.095161
"2019-08-28 03:11:13,437",613,-0.4,43,0.095154
"2019-08-28 03:11:18,868",614,-0.4,43,0.095147
"2019-08-28 03:11:24,272",615,-0.5,43,0.095140
"2019-08-28 03:11:35,236",616,0.2,43,0.095126
"2019-08-28 03:11:40,799",617,-0.5,43,0.095119
"2019-08-28 03:11:46,918",618,-0.3,43,0.095111
"2019-08-28 03:11:53,039",619,-0.3,43,0.095103
"2019-08-28 03:11:59,080",620,-0.3,43,0.095095
"2019-08-28 03:12:04,686",621,-0.4,43,0.095088
"2019-08-28 03:12:10,204",622,-0.4,43,0.095081
"2019-08-28 03:12:16,394",623,-0.3,43,0.095073
"2019-08-28 03:12:22,538",624,-0.3,43,0.095065
"2019-08-28 03:12:28,653",625,-0.3,43,0.095057
"2019-08-28 03:12:34,182",626,-0.4,43,0.095050
"2019-08-28 03:12:39,855",627,-0.5,43,0.095043
"2019-08-28 03:12:45,277",628,-0.4,43,0.095036
"2019-08-28 03:12:50,884",629,-0.4,43,0.095029
"2019-08-28 03:12:56,436",630,-0.5,43,0.095022
"2019-08-28 03:13:01,912",631,-0.4,43,0.095015
"2019-08-28 03:13:07,606",632,-0.4,43,0.095008
"2019-08-28 03:13:13,112",633,-0.4,43,0.095001
"2019-08-28 03:13:19,212",634,-0.5,43,0.094993
"2019-08-28 03:13:25,370",635,-0.3,43,0.094985
"2019-08-28 03:13:30,796",636,-0.4,43,0.094978
"2019-08-28 03:13:36,308",637,-0.4,43,0.094971
"2019-08-28 03:13:41,811",638,-0.4,43,0.094964
"2019-08-28 03:13:47,226",639,-0.4,43,0.094957
"2019-08-28 03:13:52,681",640,-0.5,43,0.094950
"2019-08-28 03:13:58,306",641,-0.4,43,0.094943
"2019-08-28 03:14:03,904",642,-0.4,43,0.094936
"2019-08-28 03:14:09,429",643,-0.5,43,0.094929
"2019-08-28 03:14:15,069",644,-0.4,43,0.094922
"2019-08-28 03:14:21,172",645,-0.4,43,0.094914
"2019-08-28 03:14:26,746",646,-0.4,43,0.094907
"2019-08-28 03:14:32,274",647,-0.4,43,0.094900
"2019-08-28 03:14:43,669",648,0.2,43,0.094885
"2019-08-28 03:14:50,487",649,-0.6,50,0.094876
"2019-08-28 03:14:56,661",650,-0.4,43,0.094868
"2019-08-28 03:15:02,118",651,-0.4,43,0.094861
"2019-08-28 03:15:07,838",652,-0.4,43,0.094854
"2019-08-28 03:15:13,418",653,-0.4,43,0.094847
"2019-08-28 03:15:21,079",654,-0.4,60,0.094837
"2019-08-28 03:15:32,616",655,0.1,43,0.094822
"2019-08-28 03:15:38,039",656,-0.5,43,0.094815
"2019-08-28 03:15:43,544",657,-0.4,43,0.094808
"2019-08-28 03:15:48,976",658,-0.4,43,0.094801
"2019-08-28 03:15:55,901",659,-0.5,55,0.094792
"2019-08-28 03:16:02,810",660,-0.3,50,0.094783
"2019-08-28 03:16:08,242",661,-0.4,43,0.094776
"2019-08-28 03:16:13,769",662,-0.4,43,0.094769
"2019-08-28 03:16:25,339",663,0.1,43,0.094754
"2019-08-28 03:16:30,775",664,-0.4,43,0.094747
"2019-08-28 03:16:36,869",665,-0.4,43,0.094739
"2019-08-28 03:16:42,450",666,-0.4,43,0.094732
"2019-08-28 03:16:48,078",667,-0.4,43,0.094725
"2019-08-28 03:16:53,497",668,-0.5,43,0.094718
"2019-08-28 03:16:58,900",669,-0.5,43,0.094711
"2019-08-28 03:17:04,366",670,-0.4,43,0.094704
"2019-08-28 03:17:10,014",671,-0.4,43,0.094697
"2019-08-28 03:17:15,595",672,-0.4,43,0.094690
"2019-08-28 03:17:21,089",673,-0.4,43,0.094683
"2019-08-28 03:17:29,584",674,-0.6,70,0.094672
"2019-08-28 03:17:35,005",675,-0.4,43,0.094665
"2019-08-28 03:17:40,582",676,-0.5,43,0.094658
"2019-08-28 03:17:46,147",677,-0.4,43,0.094651
"2019-08-28 03:17:52,239",678,-0.3,43,0.094643
"2019-08-28 03:17:58,310",679,-0.5,43,0.094635
"2019-08-28 03:18:03,731",680,-0.6,43,0.094628
"2019-08-28 03:18:09,184",681,-0.4,43,0.094621
"2019-08-28 03:18:14,631",682,-0.4,43,0.094614
"2019-08-28 03:18:20,034",683,-0.5,43,0.094607
"2019-08-28 03:18:26,135",684,-0.4,43,0.094599
"2019-08-28 03:18:32,290",685,-0.3,43,0.094591
"2019-08-28 03:18:37,813",686,-0.6,43,0.094584
"2019-08-28 03:18:43,410",687,-0.5,43,0.094577
"2019-08-28 03:18:48,873",688,-0.4,43,0.094570
"2019-08-28 03:18:54,324",689,-0.5,43,0.094563
"2019-08-28 03:19:05,322",690,-0.0,43,0.094549
"2019-08-28 03:19:10,963",691,-0.4,43,0.094542
"2019-08-28 03:19:16,580",692,-0.4,43,0.094535
"2019-08-28 03:19:22,742",693,-0.4,43,0.094527
"2019-08-28 03:19:31,229",694,-0.4,65,0.094516
"2019-08-28 03:19:36,686",695,-0.4,43,0.094509
"2019-08-28 03:19:42,246",696,-0.4,43,0.094503
"2019-08-28 03:19:47,710",697,-0.5,43,0.094496
"2019-08-28 03:19:53,204",698,-0.4,43,0.094489
"2019-08-28 03:19:58,649",699,-0.4,43,0.094482
"2019-08-28 03:20:04,719",700,-0.4,43,0.094474
"2019-08-28 03:20:10,167",701,-0.4,43,0.094467
"2019-08-28 03:20:15,858",702,-0.4,43,0.094460
"2019-08-28 03:20:21,508",703,-0.4,43,0.094453
"2019-08-28 03:20:26,970",704,-0.4,43,0.094446
"2019-08-28 03:20:32,493",705,-0.4,43,0.094439
"2019-08-28 03:20:38,004",706,-0.4,43,0.094432
"2019-08-28 03:20:43,684",707,-0.4,43,0.094425
"2019-08-28 03:20:49,372",708,-0.4,43,0.094418
"2019-08-28 03:21:00,545",709,-0.0,43,0.094404
"2019-08-28 03:21:06,284",710,-0.5,43,0.094397
"2019-08-28 03:21:11,876",711,-0.5,43,0.094390
"2019-08-28 03:21:17,384",712,-0.4,43,0.094383
"2019-08-28 03:21:22,780",713,-0.5,43,0.094376
"2019-08-28 03:21:28,809",714,-0.3,43,0.094368
"2019-08-28 03:21:34,285",715,-0.4,43,0.094361
"2019-08-28 03:21:39,716",716,-0.4,43,0.094354
"2019-08-28 03:21:45,248",717,-0.5,43,0.094347
"2019-08-28 03:21:50,676",718,-0.4,43,0.094340
"2019-08-28 03:21:56,159",719,-0.4,43,0.094333
"2019-08-28 03:22:02,296",720,-0.4,43,0.094325
"2019-08-28 03:22:13,333",721,0.1,43,0.094311
"2019-08-28 03:22:18,765",722,-0.4,43,0.094304
"2019-08-28 03:22:26,465",723,-0.5,62,0.094294
"2019-08-28 03:22:32,572",724,-0.6,43,0.094286
"2019-08-28 03:22:38,608",725,-0.3,43,0.094278
"2019-08-28 03:22:44,388",726,-0.4,43,0.094271
"2019-08-28 03:22:49,930",727,-0.4,43,0.094264
"2019-08-28 03:22:56,099",728,-0.3,43,0.094256
"2019-08-28 03:23:07,647",729,0.2,43,0.094241
"2019-08-28 03:23:13,079",730,-0.4,43,0.094234
"2019-08-28 03:23:18,533",731,-0.4,43,0.094227
"2019-08-28 03:23:24,060",732,-0.4,43,0.094220
"2019-08-28 03:23:30,194",733,-0.4,43,0.094212
"2019-08-28 03:23:35,628",734,-0.5,43,0.094205
"2019-08-28 03:23:41,076",735,-0.4,43,0.094198
"2019-08-28 03:23:46,649",736,-0.4,43,0.094191
"2019-08-28 03:23:52,268",737,-0.5,43,0.094184
"2019-08-28 03:23:57,727",738,-0.5,43,0.094177
"2019-08-28 03:24:03,122",739,-0.5,43,0.094170
"2019-08-28 03:24:09,212",740,-0.3,43,0.094162
"2019-08-28 03:24:14,629",741,-0.4,43,0.094155
"2019-08-28 03:24:20,181",742,-0.5,43,0.094148
"2019-08-28 03:24:25,571",743,-0.5,43,0.094141
"2019-08-28 03:24:31,609",744,-0.3,43,0.094133
"2019-08-28 03:24:37,643",745,-0.5,43,0.094125
"2019-08-28 03:24:43,153",746,-0.4,43,0.094118
"2019-08-28 03:24:48,825",747,-0.4,43,0.094111
"2019-08-28 03:24:54,488",748,-0.5,43,0.094104
"2019-08-28 03:25:00,179",749,-0.6,43,0.094097
"2019-08-28 03:25:05,726",750,-0.4,43,0.094090
"2019-08-28 03:25:11,824",751,-0.4,43,0.094083
"2019-08-28 03:25:17,320",752,-0.4,43,0.094076
"2019-08-28 03:25:23,449",753,-0.5,43,0.094068
"2019-08-28 03:25:28,907",754,-0.4,43,0.094061
"2019-08-28 03:25:34,980",755,-0.3,43,0.094053
"2019-08-28 03:25:40,586",756,-0.4,43,0.094046
"2019-08-28 03:25:46,131",757,-0.4,43,0.094039
"2019-08-28 03:25:51,579",758,-0.5,43,0.094032
"2019-08-28 03:25:57,015",759,-0.5,43,0.094025
"2019-08-28 03:26:02,463",760,-0.6,43,0.094018
"2019-08-28 03:26:08,033",761,-0.4,43,0.094011
"2019-08-28 03:26:13,554",762,-0.4,43,0.094004
"2019-08-28 03:26:18,944",763,-0.4,43,0.093997
"2019-08-28 03:26:24,497",764,-0.5,43,0.093990
"2019-08-28 03:26:31,455",765,-0.4,54,0.093981
"2019-08-28 03:26:37,008",766,-0.4,43,0.093974
"2019-08-28 03:26:42,630",767,-0.5,43,0.093967
"2019-08-28 03:26:48,060",768,-0.5,43,0.093960
"2019-08-28 03:26:53,435",769,-0.6,43,0.093953
"2019-08-28 03:26:58,820",770,-0.4,43,0.093946
"2019-08-28 03:27:04,466",771,-0.5,43,0.093939
"2019-08-28 03:27:10,050",772,-0.5,43,0.093932
"2019-08-28 03:27:16,232",773,-0.3,43,0.093924
"2019-08-28 03:27:22,342",774,-0.4,43,0.093916
"2019-08-28 03:27:27,944",775,-0.4,43,0.093909
"2019-08-28 03:27:33,498",776,-0.4,43,0.093902
"2019-08-28 03:27:39,070",777,-0.4,43,0.093895
"2019-08-28 03:27:44,547",778,-0.4,43,0.093888
"2019-08-28 03:27:50,655",779,-0.6,43,0.093880
"2019-08-28 03:27:56,163",780,-0.4,43,0.093873
"2019-08-28 03:28:01,663",781,-0.5,43,0.093866
"2019-08-28 03:28:07,304",782,-0.6,43,0.093859
"2019-08-28 03:28:12,716",783,-0.5,43,0.093852
"2019-08-28 03:28:18,076",784,-0.4,42,0.093845
"2019-08-28 03:28:24,203",785,-0.3,43,0.093837
"2019-08-28 03:28:29,792",786,-0.4,43,0.093830
"2019-08-28 03:28:35,382",787,-0.4,43,0.093823
"2019-08-28 03:28:41,035",788,-0.4,43,0.093816
"2019-08-28 03:28:46,698",789,-0.4,43,0.093809
"2019-08-28 03:28:52,799",790,-0.6,43,0.093801
"2019-08-28 03:28:58,343",791,-0.4,43,0.093794
"2019-08-28 03:29:04,089",792,-0.4,43,0.093787
"2019-08-28 03:29:09,472",793,-0.5,43,0.093780
"2019-08-28 03:29:15,502",794,-0.5,43,0.093772
"2019-08-28 03:29:21,554",795,-0.4,43,0.093764
"2019-08-28 03:29:27,418",796,-0.4,43,0.093757
"2019-08-28 03:29:33,064",797,-0.5,43,0.093750
"2019-08-28 03:29:38,517",798,-0.4,43,0.093743
"2019-08-28 03:29:43,942",799,-0.6,43,0.093736
"2019-08-28 03:29:49,402",800,-0.4,43,0.093729
"2019-08-28 03:29:54,941",801,-0.4,43,0.093722
"2019-08-28 03:30:00,542",802,-0.4,43,0.093715
"2019-08-28 03:30:06,144",803,-0.4,43,0.093708
"2019-08-28 03:30:11,669",804,-0.4,43,0.093701
"2019-08-28 03:30:17,226",805,-0.6,43,0.093694
"2019-08-28 03:30:22,755",806,-0.4,43,0.093687
"2019-08-28 03:30:28,243",807,-0.4,43,0.093680
"2019-08-28 03:30:35,914",808,-0.4,59,0.093670
"2019-08-28 03:30:41,435",809,-0.4,43,0.093663
"2019-08-28 03:30:47,502",810,-0.4,43,0.093655
"2019-08-28 03:30:53,041",811,-0.4,43,0.093648
"2019-08-28 03:30:58,725",812,-0.5,43,0.093641
"2019-08-28 03:31:04,196",813,-0.4,43,0.093634
"2019-08-28 03:31:10,284",814,-0.4,43,0.093626
"2019-08-28 03:31:21,829",815,0.2,43,0.093611
"2019-08-28 03:31:27,324",816,-0.4,43,0.093604
"2019-08-28 03:31:32,894",817,-0.5,43,0.093597
"2019-08-28 03:31:43,691",818,-0.0,43,0.093583
"2019-08-28 03:31:49,153",819,-0.4,43,0.093576
"2019-08-28 03:31:54,545",820,-0.5,42,0.093569
"2019-08-28 03:32:00,055",821,-0.4,43,0.093562
"2019-08-28 03:32:05,707",822,-0.4,43,0.093555
"2019-08-28 03:32:16,610",823,-0.0,43,0.093541
"2019-08-28 03:32:22,672",824,-0.3,43,0.093533
"2019-08-28 03:32:28,286",825,-0.5,42,0.093526
"2019-08-28 03:32:33,835",826,-0.4,43,0.093519
"2019-08-28 03:32:39,460",827,-0.4,43,0.093512
"2019-08-28 03:32:44,950",828,-0.4,43,0.093506
"2019-08-28 03:32:50,444",829,-0.4,43,0.093499
"2019-08-28 03:32:55,849",830,-0.4,43,0.093492
"2019-08-28 03:33:01,425",831,-0.4,43,0.093485
"2019-08-28 03:33:07,002",832,-0.4,43,0.093478
"2019-08-28 03:33:12,618",833,-0.4,43,0.093471
"2019-08-28 03:33:18,036",834,-0.4,43,0.093464
"2019-08-28 03:33:24,138",835,-0.3,43,0.093456
"2019-08-28 03:33:29,613",836,-0.4,43,0.093449
"2019-08-28 03:33:35,279",837,-0.4,43,0.093442
"2019-08-28 03:33:41,005",838,-0.4,43,0.093435
"2019-08-28 03:33:52,105",839,-0.0,43,0.093421
"2019-08-28 03:33:58,236",840,-0.4,43,0.093413
"2019-08-28 03:34:03,723",841,-0.4,43,0.093406
"2019-08-28 03:34:09,312",842,-0.5,43,0.093399
"2019-08-28 03:34:14,748",843,-0.5,43,0.093392
"2019-08-28 03:34:20,811",844,-0.3,43,0.093384
"2019-08-28 03:34:26,290",845,-0.5,43,0.093377
"2019-08-28 03:34:31,759",846,-0.4,43,0.093370
"2019-08-28 03:34:37,337",847,-0.5,43,0.093363
"2019-08-28 03:34:42,767",848,-0.5,43,0.093356
"2019-08-28 03:34:48,875",849,-0.4,43,0.093348
"2019-08-28 03:34:55,072",850,-0.6,43,0.093340
"2019-08-28 03:35:00,724",851,-0.4,43,0.093333
"2019-08-28 03:35:06,290",852,-0.4,43,0.093326
"2019-08-28 03:35:12,427",853,-0.4,43,0.093318
"2019-08-28 03:35:17,892",854,-0.8,43,0.093311
"2019-08-28 03:35:23,329",855,-0.5,43,0.093304
"2019-08-28 03:35:28,730",856,-0.5,43,0.093297
"2019-08-28 03:35:34,273",857,-0.4,43,0.093290
"2019-08-28 03:35:39,714",858,-0.5,43,0.093283
"2019-08-28 03:35:45,843",859,-0.4,43,0.093275
"2019-08-28 03:35:54,336",860,-0.6,70,0.093264
"2019-08-28 03:35:59,874",861,-0.4,43,0.093257
"2019-08-28 03:36:05,391",862,-0.5,43,0.093250
"2019-08-28 03:36:10,973",863,-0.5,43,0.093243
"2019-08-28 03:36:16,674",864,-0.4,43,0.093236
"2019-08-28 03:36:22,171",865,-0.4,43,0.093229
"2019-08-28 03:36:27,718",866,-0.4,43,0.093222
"2019-08-28 03:36:33,329",867,-0.6,43,0.093215
"2019-08-28 03:36:38,836",868,-0.4,43,0.093208
"2019-08-28 03:36:44,470",869,-0.5,43,0.093201
"2019-08-28 03:36:50,642",870,-0.5,43,0.093193
"2019-08-28 03:36:56,359",871,-0.6,43,0.093186
"2019-08-28 03:37:01,949",872,-0.5,43,0.093179
"2019-08-28 03:37:07,446",873,-0.4,43,0.093172
"2019-08-28 03:37:13,473",874,-0.3,43,0.093164
"2019-08-28 03:37:19,587",875,-0.5,43,0.093156
"2019-08-28 03:37:25,084",876,-0.4,43,0.093149
"2019-08-28 03:37:30,735",877,-0.4,43,0.093142
"2019-08-28 03:37:42,425",878,-0.1,43,0.093127
"2019-08-28 03:37:50,111",879,-0.6,62,0.093117
"2019-08-28 03:37:56,267",880,-0.3,43,0.093109
"2019-08-28 03:38:01,733",881,-0.4,43,0.093102
"2019-08-28 03:38:07,270",882,-0.4,43,0.093095
"2019-08-28 03:38:12,727",883,-0.7,43,0.093088
"2019-08-28 03:38:18,147",884,-0.6,43,0.093081
"2019-08-28 03:38:24,279",885,-0.4,43,0.093073
"2019-08-28 03:38:29,781",886,-0.4,43,0.093066
"2019-08-28 03:38:35,382",887,-0.4,43,0.093059
"2019-08-28 03:38:41,643",888,-0.3,43,0.093051
"2019-08-28 03:39:01,009",889,0.9,43,0.093026
"2019-08-28 03:39:07,949",890,-0.5,57,0.093017
"2019-08-28 03:39:13,478",891,-0.4,43,0.093010
"2019-08-28 03:39:19,189",892,-0.5,43,0.093003
"2019-08-28 03:39:24,750",893,-0.4,43,0.092996
"2019-08-28 03:39:30,169",894,-0.5,43,0.092989
"2019-08-28 03:39:35,581",895,-0.4,43,0.092982
"2019-08-28 03:39:41,234",896,-0.5,43,0.092975
"2019-08-28 03:39:46,899",897,-0.5,43,0.092968
"2019-08-28 03:39:52,428",898,-0.4,43,0.092961
"2019-08-28 03:39:57,925",899,-0.4,43,0.092954
"2019-08-28 03:40:03,341",900,-0.4,43,0.092947
"2019-08-28 03:40:08,830",901,-0.5,43,0.092940
"2019-08-28 03:40:14,328",902,-0.5,43,0.092933
"2019-08-28 03:40:20,454",903,-0.3,43,0.092925
"2019-08-28 03:40:25,883",904,-0.4,43,0.092918
"2019-08-28 03:40:32,019",905,-0.3,43,0.092910
"2019-08-28 03:40:37,504",906,-0.4,43,0.092903
"2019-08-28 03:40:43,077",907,-0.4,43,0.092896
"2019-08-28 03:40:48,719",908,-0.4,43,0.092889
"2019-08-28 03:40:54,141",909,-0.5,43,0.092882
"2019-08-28 03:40:59,557",910,-0.5,43,0.092875
"2019-08-28 03:41:05,222",911,-0.4,43,0.092868
"2019-08-28 03:41:10,806",912,-0.6,43,0.092861
"2019-08-28 03:41:16,449",913,-0.4,43,0.092854
"2019-08-28 03:41:22,536",914,-0.3,43,0.092846
"2019-08-28 03:41:28,660",915,-0.3,43,0.092838
"2019-08-28 03:41:34,146",916,-0.4,43,0.092831
"2019-08-28 03:41:39,829",917,-0.4,43,0.092824
"2019-08-28 03:41:45,278",918,-0.4,43,0.092817
"2019-08-28 03:41:50,890",919,-0.6,43,0.092810
"2019-08-28 03:41:57,064",920,-0.3,43,0.092802
"2019-08-28 03:42:02,678",921,-0.4,43,0.092795
"2019-08-28 03:42:08,282",922,-0.4,43,0.092788
"2019-08-28 03:42:13,851",923,-0.5,43,0.092781
"2019-08-28 03:42:19,300",924,-0.4,43,0.092774
"2019-08-28 03:42:25,395",925,-0.3,43,0.092766
"2019-08-28 03:42:30,977",926,-0.4,43,0.092759
"2019-08-28 03:42:36,622",927,-0.5,43,0.092752
"2019-08-28 03:42:42,080",928,-0.5,43,0.092745
"2019-08-28 03:42:47,568",929,-0.4,43,0.092738
"2019-08-28 03:42:52,966",930,-0.5,43,0.092731
"2019-08-28 03:42:58,632",931,-0.6,43,0.092724
"2019-08-28 03:43:04,211",932,-0.4,43,0.092717
"2019-08-28 03:43:09,630",933,-0.5,43,0.092710
"2019-08-28 03:43:15,675",934,-0.3,43,0.092702
"2019-08-28 03:43:21,742",935,-0.3,43,0.092694
"2019-08-28 03:43:27,409",936,-0.4,43,0.092687
"2019-08-28 03:43:33,123",937,-0.4,43,0.092680
"2019-08-28 03:43:38,604",938,-0.4,43,0.092673
"2019-08-28 03:43:44,032",939,-0.5,43,0.092666
"2019-08-28 03:43:50,143",940,-0.3,43,0.092658
"2019-08-28 03:43:55,663",941,-0.4,43,0.092651
"2019-08-28 03:44:01,247",942,-0.4,43,0.092644
"2019-08-28 03:44:06,657",943,-0.4,43,0.092637
"2019-08-28 03:44:14,301",944,-0.3,63,0.092627
"2019-08-28 03:44:19,798",945,-0.4,43,0.092620
"2019-08-28 03:44:25,294",946,-0.4,43,0.092613
"2019-08-28 03:44:30,957",947,-0.4,43,0.092606
"2019-08-28 03:44:37,020",948,-0.3,43,0.092598
"2019-08-28 03:44:43,174",949,-0.3,43,0.092590
"2019-08-28 03:44:49,216",950,-0.3,43,0.092582
"2019-08-28 03:44:54,761",951,-0.5,43,0.092575
"2019-08-28 03:45:00,423",952,-0.4,43,0.092568
"2019-08-28 03:45:06,621",953,-0.3,43,0.092560
"2019-08-28 03:45:12,025",954,-0.4,43,0.092553
"2019-08-28 03:45:17,426",955,-0.4,43,0.092546
"2019-08-28 03:45:23,034",956,-0.4,43,0.092539
"2019-08-28 03:45:28,640",957,-0.6,43,0.092532
"2019-08-28 03:45:34,118",958,-0.4,43,0.092525
"2019-08-28 03:45:40,214",959,-0.4,43,0.092517
"2019-08-28 03:45:45,677",960,-0.4,43,0.092510
"2019-08-28 03:45:51,404",961,-0.4,43,0.092504
"2019-08-28 03:45:57,087",962,-0.5,43,0.092497
"2019-08-28 03:46:02,715",963,-0.5,43,0.092490
"2019-08-28 03:46:08,166",964,-0.5,43,0.092483
"2019-08-28 03:46:13,582",965,-0.5,43,0.092476
"2019-08-28 03:46:19,176",966,-0.4,43,0.092469
"2019-08-28 03:46:24,711",967,-0.4,43,0.092462
"2019-08-28 03:46:30,273",968,-0.4,43,0.092455
"2019-08-28 03:46:36,430",969,-0.3,43,0.092447
"2019-08-28 03:46:41,906",970,-0.5,43,0.092440
"2019-08-28 03:46:47,423",971,-0.5,43,0.092433
"2019-08-28 03:46:52,918",972,-0.4,43,0.092426
"2019-08-28 03:46:58,429",973,-0.4,43,0.092419
"2019-08-28 03:47:03,949",974,-0.4,43,0.092412
"2019-08-28 03:47:09,996",975,-0.3,43,0.092404
"2019-08-28 03:47:15,530",976,-0.5,43,0.092397
"2019-08-28 03:47:21,034",977,-0.4,43,0.092390
"2019-08-28 03:47:26,538",978,-0.4,43,0.092383
"2019-08-28 03:47:32,586",979,-0.3,43,0.092375
"2019-08-28 03:47:38,016",980,-0.4,43,0.092368
"2019-08-28 03:47:43,529",981,-0.5,43,0.092361
"2019-08-28 03:47:49,032",982,-0.4,43,0.092354
"2019-08-28 03:47:54,474",983,-0.5,43,0.092347
"2019-08-28 03:48:00,614",984,-0.3,43,0.092339
"2019-08-28 03:48:06,023",985,-0.6,43,0.092332
"2019-08-28 03:48:11,569",986,-0.5,43,0.092325
"2019-08-28 03:48:17,171",987,-0.4,43,0.092318
"2019-08-28 03:48:24,185",988,-0.5,55,0.092309
"2019-08-28 03:48:30,290",989,-0.3,43,0.092301
"2019-08-28 03:48:36,349",990,-0.3,43,0.092293
"2019-08-28 03:48:41,861",991,-0.4,43,0.092286
"2019-08-28 03:48:47,467",992,-0.4,43,0.092279
"2019-08-28 03:48:53,008",993,-0.4,43,0.092272
"2019-08-28 03:48:58,422",994,-0.4,43,0.092265
"2019-08-28 03:49:03,849",995,-0.5,43,0.092258
"2019-08-28 03:49:09,633",996,-0.4,43,0.092251
"2019-08-28 03:49:15,326",997,-0.5,43,0.092244
"2019-08-28 03:49:20,826",998,-0.5,43,0.092237
"2019-08-28 03:49:26,274",999,-0.4,43,0.092230
"2019-08-28 03:49:31,711",1000,-0.5,43,0.092223
"2019-08-28 03:49:37,245",1001,-0.4,43,0.092216
"2019-08-28 03:49:42,922",1002,-0.4,43,0.092209
"2019-08-28 03:49:48,487",1003,-0.4,43,0.092202
"2019-08-28 03:49:54,597",1004,-0.3,43,0.092194
"2019-08-28 03:50:00,704",1005,-0.3,43,0.092186
"2019-08-28 03:50:06,456",1006,-0.5,43,0.092179
"2019-08-28 03:50:12,018",1007,-0.4,43,0.092172
"2019-08-28 03:50:17,567",1008,-0.5,43,0.092165
"2019-08-28 03:50:22,997",1009,-0.4,43,0.092158
"2019-08-28 03:50:28,441",1010,-0.4,43,0.092151
"2019-08-28 03:50:33,936",1011,-0.4,43,0.092144
"2019-08-28 03:50:39,524",1012,-0.4,43,0.092137
"2019-08-28 03:50:45,022",1013,-0.4,43,0.092130
"2019-08-28 03:50:50,559",1014,-0.4,43,0.092123
"2019-08-28 03:50:55,992",1015,-0.5,43,0.092116
"2019-08-28 03:51:01,628",1016,-0.5,43,0.092109
"2019-08-28 03:51:07,223",1017,-0.4,43,0.092102
"2019-08-28 03:51:12,643",1018,-0.5,43,0.092095
"2019-08-28 03:51:18,217",1019,-0.4,43,0.092088
"2019-08-28 03:51:23,727",1020,-0.6,43,0.092081
"2019-08-28 03:51:29,198",1021,-0.6,43,0.092074
"2019-08-28 03:51:34,730",1022,-0.4,43,0.092067
"2019-08-28 03:51:40,203",1023,-0.4,43,0.092060
"2019-08-28 03:51:45,577",1024,-0.4,43,0.092053
"2019-08-28 03:51:51,063",1025,-0.4,43,0.092046
"2019-08-28 03:51:56,526",1026,-0.4,43,0.092039
"2019-08-28 03:52:02,093",1027,-0.4,43,0.092032
"2019-08-28 03:52:07,650",1028,-0.4,43,0.092025
"2019-08-28 03:52:13,263",1029,-0.4,43,0.092018
"2019-08-28 03:52:18,859",1030,-0.4,43,0.092011
"2019-08-28 03:52:24,400",1031,-0.4,43,0.092004
"2019-08-28 03:52:30,113",1032,-0.4,43,0.091997
"2019-08-28 03:52:35,652",1033,-0.4,43,0.091990
"2019-08-28 03:52:41,229",1034,-0.4,43,0.091983
"2019-08-28 03:52:46,675",1035,-0.4,43,0.091976
"2019-08-28 03:52:52,319",1036,-0.4,43,0.091969
"2019-08-28 03:52:57,922",1037,-0.4,43,0.091962
"2019-08-28 03:53:03,527",1038,-0.4,43,0.091955
"2019-08-28 03:53:09,090",1039,-0.6,43,0.091948
"2019-08-28 03:53:15,210",1040,-0.3,43,0.091940
"2019-08-28 03:53:20,771",1041,-0.4,43,0.091933
"2019-08-28 03:53:26,400",1042,-0.5,43,0.091926
"2019-08-28 03:53:32,507",1043,-0.3,43,0.091918
"2019-08-28 03:53:37,938",1044,-0.4,43,0.091911
"2019-08-28 03:53:43,939",1045,-0.3,43,0.091903
"2019-08-28 03:53:49,444",1046,-0.4,43,0.091896
"2019-08-28 03:53:55,051",1047,-0.4,43,0.091889
"2019-08-28 03:54:00,615",1048,-0.5,43,0.091882
"2019-08-28 03:54:06,095",1049,-0.4,43,0.091875
"2019-08-28 03:54:11,574",1050,-0.4,43,0.091868
"2019-08-28 03:54:17,246",1051,-0.4,43,0.091861
"2019-08-28 03:54:22,813",1052,-0.4,43,0.091854
"2019-08-28 03:54:28,320",1053,-0.4,43,0.091847
"2019-08-28 03:54:33,734",1054,-0.5,43,0.091840
"2019-08-28 03:54:39,873",1055,-0.3,43,0.091832
"2019-08-28 03:54:45,442",1056,-0.4,43,0.091825
"2019-08-28 03:54:51,095",1057,-0.4,43,0.091818
"2019-08-28 03:55:02,003",1058,0.2,43,0.091804
"2019-08-28 03:55:08,113",1059,-0.3,43,0.091796
"2019-08-28 03:55:14,251",1060,-0.3,43,0.091788
"2019-08-28 03:55:19,838",1061,-0.4,43,0.091781
"2019-08-28 03:55:25,544",1062,-0.4,43,0.091774
"2019-08-28 03:55:31,220",1063,-0.4,43,0.091767
"2019-08-28 03:55:36,851",1064,-0.4,43,0.091760
"2019-08-28 03:55:42,412",1065,-0.4,43,0.091753
"2019-08-28 03:55:47,942",1066,-0.4,43,0.091746
"2019-08-28 03:55:53,466",1067,-0.4,43,0.091739
"2019-08-28 03:55:58,907",1068,-0.4,43,0.091732
"2019-08-28 03:56:04,438",1069,-0.5,43,0.091725
"2019-08-28 03:56:09,983",1070,-0.5,43,0.091718
"2019-08-28 03:56:15,648",1071,-0.4,43,0.091711
"2019-08-28 03:56:21,201",1072,-0.4,43,0.091704
"2019-08-28 03:56:27,337",1073,-0.3,43,0.091696
"2019-08-28 03:56:32,909",1074,-0.5,43,0.091689
"2019-08-28 03:56:38,390",1075,-0.4,43,0.091682
"2019-08-28 03:56:44,019",1076,-0.4,43,0.091675
"2019-08-28 03:56:49,585",1077,-0.4,43,0.091668
"2019-08-28 03:56:55,089",1078,-0.4,43,0.091661
"2019-08-28 03:57:06,636",1079,0.3,43,0.091646
"2019-08-28 03:57:12,964",1080,-0.4,43,0.091638
"2019-08-28 03:57:18,433",1081,-0.4,43,0.091631
"2019-08-28 03:57:24,151",1082,-0.4,43,0.091624
"2019-08-28 03:57:31,215",1083,-0.4,56,0.091615
"2019-08-28 03:57:37,300",1084,-0.3,43,0.091607
"2019-08-28 03:57:42,824",1085,-0.5,43,0.091600
"2019-08-28 03:57:48,304",1086,-0.4,43,0.091593
"2019-08-28 03:57:53,790",1087,-0.4,43,0.091586
"2019-08-28 03:57:59,308",1088,-0.4,43,0.091579
"2019-08-28 03:58:05,396",1089,-0.3,43,0.091571
"2019-08-28 03:58:11,605",1090,-0.4,43,0.091563
"2019-08-28 03:58:17,085",1091,-0.4,43,0.091556
"2019-08-28 03:58:22,668",1092,-0.5,43,0.091549
"2019-08-28 03:58:28,061",1093,-0.5,43,0.091542
"2019-08-28 03:58:33,653",1094,-0.4,43,0.091535
"2019-08-28 03:58:39,084",1095,-0.4,43,0.091528
"2019-08-28 03:58:44,816",1096,-0.4,43,0.091521
"2019-08-28 03:58:50,523",1097,-0.4,43,0.091514
"2019-08-28 03:58:56,153",1098,-0.4,43,0.091508
"2019-08-28 03:59:01,584",1099,-0.4,43,0.091501
"2019-08-28 03:59:07,057",1100,-0.4,43,0.091494
"2019-08-28 03:59:12,742",1101,-0.5,43,0.091487
"2019-08-28 03:59:18,410",1102,-0.4,43,0.091480
"2019-08-28 03:59:23,810",1103,-0.4,43,0.091473
"2019-08-28 03:59:29,819",1104,-0.3,43,0.091465
"2019-08-28 03:59:35,992",1105,-0.3,43,0.091457
"2019-08-28 03:59:41,655",1106,-0.4,43,0.091450
"2019-08-28 03:59:47,099",1107,-0.4,43,0.091443
"2019-08-28 03:59:52,533",1108,-0.4,43,0.091436
"2019-08-28 03:59:58,001",1109,-0.5,43,0.091429
"2019-08-28 04:00:04,266",1110,-0.3,43,0.091421
"2019-08-28 04:00:09,887",1111,-0.4,43,0.091414
"2019-08-28 04:00:15,534",1112,-0.4,43,0.091407
"2019-08-28 04:00:27,191",1113,0.3,43,0.091392
"2019-08-28 04:00:32,722",1114,-0.4,43,0.091385
"2019-08-28 04:00:38,167",1115,-0.4,43,0.091378
"2019-08-28 04:00:43,808",1116,-0.5,43,0.091371
"2019-08-28 04:00:49,372",1117,-0.4,43,0.091364
"2019-08-28 04:00:54,835",1118,-0.5,43,0.091357
"2019-08-28 04:01:01,003",1119,-0.3,43,0.091349
"2019-08-28 04:01:07,095",1120,-0.4,43,0.091341
"2019-08-28 04:01:12,650",1121,-0.4,43,0.091334
"2019-08-28 04:01:18,254",1122,-0.4,43,0.091327
"2019-08-28 04:01:23,665",1123,-0.5,43,0.091320
"2019-08-28 04:01:29,815",1124,-0.4,43,0.091312
"2019-08-28 04:01:36,014",1125,-0.3,43,0.091304
"2019-08-28 04:01:41,747",1126,-0.5,43,0.091297
"2019-08-28 04:01:47,294",1127,-0.4,43,0.091290
"2019-08-28 04:01:52,820",1128,-0.5,43,0.091283
"2019-08-28 04:01:58,287",1129,-0.5,43,0.091276
"2019-08-28 04:02:03,875",1130,-0.4,43,0.091269
"2019-08-28 04:02:09,450",1131,-0.4,43,0.091262
"2019-08-28 04:02:14,976",1132,-0.4,43,0.091255
"2019-08-28 04:02:20,626",1133,-0.4,43,0.091248
"2019-08-28 04:02:32,152",1134,0.2,43,0.091233
"2019-08-28 04:02:37,617",1135,-0.4,43,0.091226
"2019-08-28 04:02:43,163",1136,-0.4,43,0.091219
"2019-08-28 04:02:48,725",1137,-0.5,43,0.091212
"2019-08-28 04:03:00,344",1138,0.2,43,0.091197
"2019-08-28 04:03:06,523",1139,-0.3,43,0.091189
"2019-08-28 04:03:12,596",1140,-0.3,43,0.091181
"2019-08-28 04:03:18,071",1141,-0.4,43,0.091174
"2019-08-28 04:03:23,650",1142,-0.5,43,0.091167
"2019-08-28 04:03:29,746",1143,-0.3,43,0.091159
"2019-08-28 04:03:35,870",1144,-0.5,43,0.091151
"2019-08-28 04:03:41,943",1145,-0.3,43,0.091143
"2019-08-28 04:03:47,474",1146,-0.4,43,0.091136
"2019-08-28 04:03:52,997",1147,-0.4,43,0.091129
"2019-08-28 04:03:59,157",1148,-0.4,43,0.091121
"2019-08-28 04:04:04,575",1149,-0.5,43,0.091114
"2019-08-28 04:04:09,999",1150,-0.4,43,0.091107
"2019-08-28 04:04:15,568",1151,-0.4,43,0.091100
"2019-08-28 04:04:21,222",1152,-0.4,43,0.091093
"2019-08-28 04:04:34,296",1153,0.1,59,0.091076
"2019-08-28 04:04:39,747",1154,-0.4,43,0.091069
"2019-08-28 04:04:45,166",1155,-0.5,43,0.091062
"2019-08-28 04:04:50,644",1156,-0.4,43,0.091055
"2019-08-28 04:04:56,232",1157,-0.4,43,0.091048
"2019-08-28 04:05:01,748",1158,-0.4,43,0.091041
"2019-08-28 04:05:07,201",1159,-0.4,43,0.091034
"2019-08-28 04:05:13,324",1160,-0.3,43,0.091026
"2019-08-28 04:05:18,925",1161,-0.4,43,0.091019
"2019-08-28 04:05:24,495",1162,-0.5,43,0.091012
"2019-08-28 04:05:30,051",1163,-0.4,43,0.091005
"2019-08-28 04:05:36,200",1164,-0.4,43,0.090997
"2019-08-28 04:05:47,077",1165,0.2,43,0.090983
"2019-08-28 04:05:52,697",1166,-0.4,43,0.090976
"2019-08-28 04:05:58,223",1167,-0.4,43,0.090969
"2019-08-28 04:06:04,361",1168,-0.3,43,0.090961
"2019-08-28 04:06:09,727",1169,-0.4,43,0.090954
"2019-08-28 04:06:15,218",1170,-0.5,43,0.090947
"2019-08-28 04:06:20,817",1171,-0.4,43,0.090940
"2019-08-28 04:06:26,376",1172,-0.4,43,0.090933
"2019-08-28 04:06:32,481",1173,-0.3,43,0.090925
"2019-08-28 04:06:38,552",1174,-0.3,43,0.090917
"2019-08-28 04:06:44,577",1175,-0.4,43,0.090909
"2019-08-28 04:06:50,238",1176,-0.4,43,0.090902
"2019-08-28 04:06:55,866",1177,-0.4,43,0.090895
"2019-08-28 04:07:01,494",1178,-0.5,43,0.090888
"2019-08-28 04:07:12,377",1179,0.1,43,0.090874
"2019-08-28 04:07:17,836",1180,-0.4,43,0.090867
"2019-08-28 04:07:23,380",1181,-0.4,43,0.090860
"2019-08-28 04:07:28,856",1182,-0.4,43,0.090853
"2019-08-28 04:07:34,271",1183,-0.4,43,0.090846
"2019-08-28 04:07:42,102",1184,-0.4,63,0.090836
"2019-08-28 04:07:47,598",1185,-0.4,43,0.090829
"2019-08-28 04:07:53,366",1186,-0.4,43,0.090822
"2019-08-28 04:07:58,944",1187,-0.4,43,0.090815
"2019-08-28 04:08:04,537",1188,-0.4,43,0.090808
"2019-08-28 04:08:10,640",1189,-0.3,43,0.090800
"2019-08-28 04:08:16,773",1190,-0.4,43,0.090792
"2019-08-28 04:08:22,378",1191,-0.4,43,0.090785
"2019-08-28 04:08:28,027",1192,-0.5,43,0.090778
"2019-08-28 04:08:33,476",1193,-0.4,43,0.090771
"2019-08-28 04:08:38,922",1194,-0.4,43,0.090764
"2019-08-28 04:08:45,021",1195,-0.3,43,0.090756
"2019-08-28 04:08:50,630",1196,-0.5,43,0.090749
"2019-08-28 04:08:56,251",1197,-0.4,43,0.090742
"2019-08-28 04:09:01,710",1198,-0.5,43,0.090735
"2019-08-28 04:09:08,543",1199,-0.4,55,0.090726
"2019-08-28 04:09:14,749",1200,-0.3,43,0.090718
"2019-08-28 04:09:20,251",1201,-0.5,43,0.090711
"2019-08-28 04:09:25,860",1202,-0.5,43,0.090704
"2019-08-28 04:09:31,490",1203,-0.4,43,0.090697
"2019-08-28 04:09:37,602",1204,-0.3,43,0.090689
"2019-08-28 04:09:43,041",1205,-0.4,43,0.090682
"2019-08-28 04:09:48,620",1206,-0.4,43,0.090675
"2019-08-28 04:09:54,207",1207,-0.4,43,0.090668
"2019-08-28 04:09:59,661",1208,-0.4,43,0.090661
"2019-08-28 04:10:05,783",1209,-0.3,43,0.090653
"2019-08-28 04:10:11,396",1210,-0.5,43,0.090646
"2019-08-28 04:10:16,950",1211,-0.4,43,0.090639
"2019-08-28 04:10:22,428",1212,-0.5,42,0.090632
"2019-08-28 04:10:27,870",1213,-0.4,43,0.090625
"2019-08-28 04:10:33,315",1214,-0.4,43,0.090618
"2019-08-28 04:10:40,202",1215,-0.4,57,0.090609
"2019-08-28 04:10:45,704",1216,-0.4,43,0.090602
"2019-08-28 04:10:51,305",1217,-0.4,43,0.090595
"2019-08-28 04:10:56,765",1218,-0.4,43,0.090588
"2019-08-28 04:11:02,209",1219,-0.6,43,0.090581
"2019-08-28 04:11:08,323",1220,-0.4,43,0.090573
"2019-08-28 04:11:13,924",1221,-0.4,43,0.090566
"2019-08-28 04:11:19,457",1222,-0.4,43,0.090559
"2019-08-28 04:11:24,930",1223,-0.5,43,0.090552
"2019-08-28 04:11:31,058",1224,-0.3,43,0.090544
"2019-08-28 04:11:36,606",1225,-0.4,43,0.090537
"2019-08-28 04:11:42,181",1226,-0.4,43,0.090530
"2019-08-28 04:11:47,743",1227,-0.4,42,0.090523
"2019-08-28 04:11:53,183",1228,-0.4,43,0.090516
"2019-08-28 04:11:58,702",1229,-0.4,43,0.090509
"2019-08-28 04:12:04,202",1230,-0.5,43,0.090503
"2019-08-28 04:12:09,695",1231,-0.4,43,0.090496
"2019-08-28 04:12:15,239",1232,-0.4,43,0.090489
"2019-08-28 04:12:20,711",1233,-0.4,43,0.090482
"2019-08-28 04:12:26,153",1234,-0.4,43,0.090475
"2019-08-28 04:12:31,573",1235,-0.4,43,0.090468
"2019-08-28 04:12:37,362",1236,-0.5,43,0.090461
"2019-08-28 04:12:42,857",1237,-0.4,43,0.090454
"2019-08-28 04:12:48,261",1238,-0.4,43,0.090447
"2019-08-28 04:12:53,937",1239,-0.4,43,0.090440
"2019-08-28 04:12:59,432",1240,-0.4,43,0.090433
"2019-08-28 04:13:04,988",1241,-0.6,43,0.090426
"2019-08-28 04:13:10,509",1242,-0.4,43,0.090419
"2019-08-28 04:13:16,035",1243,-0.4,43,0.090412
"2019-08-28 04:13:26,916",1244,0.1,43,0.090398
"2019-08-28 04:13:32,980",1245,-0.3,43,0.090390
"2019-08-28 04:13:38,491",1246,-0.4,43,0.090383
"2019-08-28 04:13:44,010",1247,-0.5,43,0.090376
"2019-08-28 04:13:49,741",1248,-0.4,43,0.090369
"2019-08-28 04:13:55,202",1249,-0.4,43,0.090362
"2019-08-28 04:14:06,779",1250,0.1,43,0.090347
"2019-08-28 04:14:12,318",1251,-0.4,43,0.090340
"2019-08-28 04:14:17,907",1252,-0.4,43,0.090333
"2019-08-28 04:14:24,017",1253,-0.4,43,0.090325
"2019-08-28 04:14:30,118",1254,-0.3,43,0.090317
"2019-08-28 04:14:35,692",1255,-0.5,43,0.090310
"2019-08-28 04:14:41,335",1256,-0.4,43,0.090303
"2019-08-28 04:14:47,035",1257,-0.6,43,0.090296
"2019-08-28 04:14:52,640",1258,-0.4,43,0.090289
"2019-08-28 04:14:58,203",1259,-0.4,43,0.090282
"2019-08-28 04:15:03,763",1260,-0.5,42,0.090275
"2019-08-28 04:15:09,400",1261,-0.4,43,0.090268
"2019-08-28 04:15:15,068",1262,-0.4,43,0.090261
"2019-08-28 04:15:20,757",1263,-0.4,43,0.090254
"2019-08-28 04:15:26,314",1264,-0.5,43,0.090247
"2019-08-28 04:15:32,415",1265,-0.3,43,0.090239
"2019-08-28 04:15:37,862",1266,-0.5,43,0.090232
"2019-08-28 04:15:43,419",1267,-0.4,43,0.090225
"2019-08-28 04:15:49,003",1268,-0.4,43,0.090218
"2019-08-28 04:15:55,032",1269,-0.3,43,0.090210
"2019-08-28 04:16:00,474",1270,-0.4,42,0.090203
"2019-08-28 04:16:06,075",1271,-0.4,43,0.090196
"2019-08-28 04:16:11,811",1272,-0.4,43,0.090189
"2019-08-28 04:16:17,217",1273,-0.4,43,0.090182
"2019-08-28 04:16:22,615",1274,-0.5,43,0.090175
"2019-08-28 04:16:28,677",1275,-0.3,43,0.090167
"2019-08-28 04:16:34,286",1276,-0.4,43,0.090160
"2019-08-28 04:16:39,827",1277,-0.4,43,0.090153
"2019-08-28 04:16:45,285",1278,-0.4,43,0.090146
"2019-08-28 04:16:51,459",1279,-0.3,43,0.090138
"2019-08-28 04:16:57,567",1280,-0.3,43,0.090130
"2019-08-28 04:17:03,081",1281,-0.5,43,0.090123
"2019-08-28 04:17:08,645",1282,-0.4,43,0.090116
"2019-08-28 04:17:14,749",1283,-0.3,43,0.090108
"2019-08-28 04:17:20,802",1284,-0.4,43,0.090100
"2019-08-28 04:17:26,823",1285,-0.3,43,0.090092
"2019-08-28 04:17:32,300",1286,-0.4,43,0.090085
"2019-08-28 04:17:37,771",1287,-0.4,43,0.090078
"2019-08-28 04:17:43,267",1288,-0.4,43,0.090071
"2019-08-28 04:17:49,318",1289,-0.3,43,0.090063
"2019-08-28 04:17:55,419",1290,-0.3,43,0.090055
"2019-08-28 04:18:01,040",1291,-0.5,43,0.090048
"2019-08-28 04:18:06,750",1292,-0.5,43,0.090041
"2019-08-28 04:18:12,247",1293,-0.4,43,0.090034
"2019-08-28 04:18:17,698",1294,-0.4,43,0.090027
"2019-08-28 04:18:23,132",1295,-0.4,43,0.090020
"2019-08-28 04:18:28,746",1296,-0.4,43,0.090013
"2019-08-28 04:18:34,370",1297,-0.4,43,0.090006
"2019-08-28 04:18:39,795",1298,-0.4,43,0.089999
"2019-08-28 04:18:45,219",1299,-0.4,43,0.089992
"2019-08-28 04:18:50,684",1300,-0.6,43,0.089985
"2019-08-28 04:18:56,209",1301,-0.5,43,0.089978
"2019-08-28 04:19:01,800",1302,-0.5,43,0.089971
"2019-08-28 04:19:07,909",1303,-0.3,43,0.089963
"2019-08-28 04:19:13,418",1304,-0.4,43,0.089956
"2019-08-28 04:19:18,872",1305,-0.5,43,0.089949
"2019-08-28 04:19:24,450",1306,-0.4,43,0.089942
"2019-08-28 04:19:30,016",1307,-0.4,43,0.089935
"2019-08-28 04:19:36,168",1308,-0.4,43,0.089927
"2019-08-28 04:19:42,252",1309,-0.3,43,0.089919
"2019-08-28 04:19:47,789",1310,-0.5,43,0.089912
"2019-08-28 04:19:53,369",1311,-0.4,43,0.089905
"2019-08-28 04:19:58,866",1312,-0.4,43,0.089898
"2019-08-28 04:20:04,336",1313,-0.5,43,0.089891
"2019-08-28 04:20:09,841",1314,-0.4,43,0.089884
"2019-08-28 04:20:15,333",1315,-0.4,43,0.089877
"2019-08-28 04:20:20,961",1316,-0.5,43,0.089870
"2019-08-28 04:20:28,017",1317,-0.4,51,0.089862
"2019-08-28 04:20:33,938",1318,-0.4,43,0.089855
"2019-08-28 04:20:39,799",1319,-0.4,43,0.089848
"2019-08-28 04:20:45,573",1320,-0.5,43,0.089841
"2019-08-28 04:20:51,635",1321,-0.4,43,0.089834
"2019-08-28 04:20:57,641",1322,-0.4,43,0.089827
"2019-08-28 04:21:08,813",1323,0.1,43,0.089814
"2019-08-28 04:21:16,959",1324,-0.4,61,0.089805
"2019-08-28 04:21:22,601",1325,-0.4,43,0.089798
"2019-08-28 04:21:28,313",1326,-0.5,43,0.089791
"2019-08-28 04:21:33,965",1327,-0.5,43,0.089784
"2019-08-28 04:21:39,408",1328,-0.4,43,0.089777
"2019-08-28 04:21:45,537",1329,-0.3,43,0.089769
"2019-08-28 04:21:51,668",1330,-0.3,43,0.089761
"2019-08-28 04:21:57,214",1331,-0.5,43,0.089754
"2019-08-28 04:22:02,764",1332,-0.4,43,0.089747
"2019-08-28 04:22:08,303",1333,-0.4,43,0.089740
"2019-08-28 04:22:14,392",1334,-0.4,43,0.089732
"2019-08-28 04:22:20,544",1335,-0.3,43,0.089724
"2019-08-28 04:22:26,257",1336,-0.4,43,0.089717
"2019-08-28 04:22:31,905",1337,-0.4,43,0.089710
"2019-08-28 04:22:37,368",1338,-0.4,43,0.089703
"2019-08-28 04:22:42,777",1339,-0.4,43,0.089696
"2019-08-28 04:22:48,188",1340,-0.5,43,0.089689
"2019-08-28 04:22:53,638",1341,-0.5,43,0.089682
"2019-08-28 04:22:59,168",1342,-0.4,43,0.089675
"2019-08-28 04:23:04,643",1343,-0.4,43,0.089668
"2019-08-28 04:23:10,741",1344,-0.3,43,0.089660
"2019-08-28 04:23:16,849",1345,-0.3,43,0.089652
"2019-08-28 04:23:22,362",1346,-0.4,43,0.089645
"2019-08-28 04:23:27,993",1347,-0.4,43,0.089638
"2019-08-28 04:23:33,483",1348,-0.4,43,0.089631
"2019-08-28 04:23:39,631",1349,-0.3,43,0.089623
"2019-08-28 04:23:45,041",1350,-0.4,43,0.089616
"2019-08-28 04:23:50,679",1351,-0.4,43,0.089609
"2019-08-28 04:23:56,331",1352,-0.4,43,0.089602
"2019-08-28 04:24:08,688",1353,-0.1,55,0.089586
"2019-08-28 04:24:14,839",1354,-0.4,43,0.089578
"2019-08-28 04:24:20,305",1355,-0.4,43,0.089571
"2019-08-28 04:24:25,899",1356,-0.4,43,0.089564
"2019-08-28 04:24:31,475",1357,-0.4,43,0.089557
"2019-08-28 04:24:37,066",1358,-0.4,43,0.089550
"2019-08-28 04:24:42,552",1359,-0.4,43,0.089543
"2019-08-28 04:24:48,102",1360,-0.5,43,0.089536
"2019-08-28 04:24:53,639",1361,-0.4,43,0.089529
"2019-08-28 04:24:59,234",1362,-0.4,43,0.089522
"2019-08-28 04:25:04,729",1363,-0.4,42,0.089515
"2019-08-28 04:25:10,844",1364,-0.3,43,0.089508
"2019-08-28 04:25:16,998",1365,-0.3,43,0.089500
"2019-08-28 04:25:22,479",1366,-0.4,43,0.089493
"2019-08-28 04:25:28,002",1367,-0.4,43,0.089486
"2019-08-28 04:25:34,087",1368,-0.4,43,0.089478
"2019-08-28 04:25:40,231",1369,-0.3,43,0.089470
"2019-08-28 04:25:46,448",1370,-0.3,43,0.089462
"2019-08-28 04:25:51,935",1371,-0.5,43,0.089455
"2019-08-28 04:25:57,498",1372,-0.5,43,0.089448
"2019-08-28 04:26:02,940",1373,-0.4,43,0.089441
"2019-08-28 04:26:09,024",1374,-0.4,43,0.089433
"2019-08-28 04:26:15,133",1375,-0.3,43,0.089425
"2019-08-28 04:26:20,622",1376,-0.4,43,0.089418
"2019-08-28 04:26:26,178",1377,-0.4,43,0.089411
"2019-08-28 04:26:31,749",1378,-0.4,43,0.089404
"2019-08-28 04:26:37,894",1379,-0.3,43,0.089396
"2019-08-28 04:26:43,414",1380,-0.5,43,0.089389
"2019-08-28 04:26:48,934",1381,-0.4,43,0.089382
"2019-08-28 04:26:54,465",1382,-0.4,43,0.089375
"2019-08-28 04:26:59,986",1383,-0.4,43,0.089368
"2019-08-28 04:27:06,060",1384,-0.3,43,0.089360
"2019-08-28 04:27:12,114",1385,-0.4,43,0.089352
"2019-08-28 04:27:17,704",1386,-0.4,43,0.089345
"2019-08-28 04:27:23,208",1387,-0.4,43,0.089338
"2019-08-28 04:27:28,667",1388,-0.5,43,0.089331
"2019-08-28 04:27:34,346",1389,-0.4,43,0.089324
"2019-08-28 04:27:39,793",1390,-0.4,43,0.089317
"2019-08-28 04:27:45,485",1391,-0.4,43,0.089310
"2019-08-28 04:27:51,148",1392,-0.6,43,0.089303
"2019-08-28 04:27:56,594",1393,-0.4,43,0.089296
"2019-08-28 04:28:02,707",1394,-0.3,43,0.089288
"2019-08-28 04:28:08,201",1395,-0.4,43,0.089281
"2019-08-28 04:28:13,778",1396,-0.4,43,0.089274
"2019-08-28 04:28:19,381",1397,-0.4,43,0.089267
"2019-08-28 04:28:26,470",1398,-0.4,57,0.089258
"2019-08-28 04:28:31,953",1399,-0.5,43,0.089251
"2019-08-28 04:28:37,487",1400,-0.5,43,0.089244
"2019-08-28 04:28:43,017",1401,-0.4,43,0.089237
"2019-08-28 04:28:48,752",1402,-0.4,43,0.089230
"2019-08-28 04:28:54,218",1403,-0.4,43,0.089223
"2019-08-28 04:29:00,350",1404,-0.3,43,0.089215
"2019-08-28 04:29:06,491",1405,-0.3,43,0.089207
"2019-08-28 04:29:12,115",1406,-0.4,43,0.089200
"2019-08-28 04:29:17,692",1407,-0.4,43,0.089193
"2019-08-28 04:29:23,140",1408,-0.4,43,0.089186
"2019-08-28 04:29:29,257",1409,-0.4,43,0.089178
"2019-08-28 04:29:35,349",1410,-0.3,43,0.089170
"2019-08-28 04:29:41,018",1411,-0.4,43,0.089163
"2019-08-28 04:29:46,673",1412,-0.4,43,0.089156
"2019-08-28 04:29:52,148",1413,-0.5,43,0.089149
"2019-08-28 04:29:57,722",1414,-0.4,43,0.089142
"2019-08-28 04:30:03,852",1415,-0.5,43,0.089134
"2019-08-28 04:30:09,296",1416,-0.4,43,0.089127
"2019-08-28 04:30:14,878",1417,-0.4,43,0.089120
"2019-08-28 04:30:20,403",1418,-0.4,43,0.089113
"2019-08-28 04:30:25,993",1419,-0.5,43,0.089106
"2019-08-28 04:30:42,363",1420,0.8,43,0.089085
"2019-08-28 04:30:47,992",1421,-0.5,43,0.089078
"2019-08-28 04:30:53,559",1422,-0.4,43,0.089071
"2019-08-28 04:30:59,023",1423,-0.5,43,0.089064
"2019-08-28 04:31:04,416",1424,-0.4,43,0.089057
"2019-08-28 04:31:10,533",1425,-0.4,43,0.089049
"2019-08-28 04:31:16,083",1426,-0.4,43,0.089042
"2019-08-28 04:31:21,678",1427,-0.4,43,0.089035
"2019-08-28 04:31:32,586",1428,0.1,43,0.089021
"2019-08-28 04:31:38,064",1429,-0.6,43,0.089014
"2019-08-28 04:31:44,174",1430,-0.3,43,0.089006
"2019-08-28 04:31:49,624",1431,-0.4,43,0.088999
"2019-08-28 04:31:55,221",1432,-0.4,43,0.088992
"2019-08-28 04:32:01,421",1433,-0.4,43,0.088984
"2019-08-28 04:32:07,434",1434,-0.3,43,0.088976
"2019-08-28 04:32:12,909",1435,-0.4,43,0.088969
"2019-08-28 04:32:18,447",1436,-0.5,43,0.088962
"2019-08-28 04:32:23,979",1437,-0.4,43,0.088955
"2019-08-28 04:32:29,433",1438,-0.4,43,0.088948
"2019-08-28 04:32:35,519",1439,-0.3,43,0.088940
"2019-08-28 04:32:46,979",1440,0.2,43,0.088925
"2019-08-28 04:32:52,525",1441,-0.6,43,0.088918
"2019-08-28 04:32:58,105",1442,-0.4,43,0.088911
"2019-08-28 04:33:03,564",1443,-0.4,43,0.088904
"2019-08-28 04:33:09,671",1444,-0.3,43,0.088896
"2019-08-28 04:33:15,786",1445,-0.3,43,0.088888
"2019-08-28 04:33:22,196",1446,-0.3,43,0.088880
"2019-08-28 04:33:27,690",1447,-0.5,43,0.088873
"2019-08-28 04:33:33,103",1448,-0.4,43,0.088866
"2019-08-28 04:33:39,206",1449,-0.3,43,0.088858
"2019-08-28 04:33:45,274",1450,-0.3,43,0.088850
"2019-08-28 04:33:50,806",1451,-0.4,43,0.088843
"2019-08-28 04:33:56,371",1452,-0.5,43,0.088836
"2019-08-28 04:34:01,809",1453,-0.4,43,0.088829
"2019-08-28 04:34:07,335",1454,-0.4,43,0.088822
"2019-08-28 04:34:12,726",1455,-0.4,43,0.088815
"2019-08-28 04:34:18,365",1456,-0.4,43,0.088808
"2019-08-28 04:34:23,966",1457,-0.4,43,0.088801
"2019-08-28 04:34:29,552",1458,-0.5,43,0.088794
"2019-08-28 04:34:35,013",1459,-0.4,43,0.088787
"2019-08-28 04:34:40,573",1460,-0.5,43,0.088780
"2019-08-28 04:34:46,162",1461,-0.4,43,0.088773
"2019-08-28 04:34:51,772",1462,-0.4,43,0.088766
"2019-08-28 04:34:57,206",1463,-0.5,43,0.088759
"2019-08-28 04:35:03,347",1464,-0.3,43,0.088751
"2019-08-28 04:35:09,453",1465,-0.3,43,0.088743
"2019-08-28 04:35:14,964",1466,-0.5,43,0.088736
"2019-08-28 04:35:20,499",1467,-0.5,43,0.088729
"2019-08-28 04:35:25,918",1468,-0.4,43,0.088722
"2019-08-28 04:35:32,091",1469,-0.3,43,0.088714
"2019-08-28 04:35:38,181",1470,-0.3,43,0.088706
"2019-08-28 04:35:43,639",1471,-0.4,43,0.088699
"2019-08-28 04:35:49,202",1472,-0.4,43,0.088692
"2019-08-28 04:36:00,134",1473,0.2,43,0.088678
"2019-08-28 04:36:16,422",1474,0.6,43,0.088657
"2019-08-28 04:36:22,496",1475,-0.3,43,0.088649
"2019-08-28 04:36:27,992",1476,-0.4,43,0.088642
"2019-08-28 04:36:33,622",1477,-0.4,43,0.088635
"2019-08-28 04:36:39,061",1478,-0.4,43,0.088628
"2019-08-28 04:36:46,830",1479,-0.5,62,0.088618
"2019-08-28 04:36:52,926",1480,-0.3,43,0.088610
"2019-08-28 04:36:58,613",1481,-0.5,43,0.088603
"2019-08-28 04:37:04,186",1482,-0.4,43,0.088596
"2019-08-28 04:37:09,619",1483,-0.4,43,0.088589
"2019-08-28 04:37:15,789",1484,-0.3,43,0.088581
"2019-08-28 04:37:21,229",1485,-0.4,43,0.088574
"2019-08-28 04:37:26,770",1486,-0.4,43,0.088567
"2019-08-28 04:37:32,383",1487,-0.4,43,0.088560
"2019-08-28 04:37:37,924",1488,-0.4,43,0.088553
"2019-08-28 04:37:43,396",1489,-0.4,43,0.088546
"2019-08-28 04:37:49,443",1490,-0.4,43,0.088538
"2019-08-28 04:37:54,958",1491,-0.5,43,0.088531
"2019-08-28 04:38:00,637",1492,-0.4,43,0.088524
"2019-08-28 04:38:06,263",1493,-0.5,43,0.088517
"2019-08-28 04:38:11,883",1494,-0.6,43,0.088511
"2019-08-28 04:38:18,799",1495,-0.3,54,0.088502
"2019-08-28 04:38:24,385",1496,-0.4,43,0.088495
"2019-08-28 04:38:29,970",1497,-0.4,43,0.088488
"2019-08-28 04:38:35,357",1498,-0.4,43,0.088481
"2019-08-28 04:38:40,839",1499,-0.4,43,0.088474
"2019-08-28 04:38:53,207",1500,0.2,58,0.088458
"2019-08-28 04:38:58,720",1501,-0.4,43,0.088451
"2019-08-28 04:39:04,324",1502,-0.4,43,0.088444
"2019-08-28 04:39:09,696",1503,-0.4,43,0.088437
"2019-08-28 04:39:15,255",1504,-0.6,43,0.088430
"2019-08-28 04:39:21,395",1505,-0.4,43,0.088422
"2019-08-28 04:39:26,930",1506,-0.4,43,0.088415
"2019-08-28 04:39:32,471",1507,-0.4,43,0.088408
"2019-08-28 04:39:38,041",1508,-0.6,43,0.088401
"2019-08-28 04:39:44,168",1509,-0.5,43,0.088393
"2019-08-28 04:39:50,327",1510,-0.3,43,0.088385
"2019-08-28 04:39:55,861",1511,-0.4,43,0.088378
"2019-08-28 04:40:01,416",1512,-0.4,43,0.088371
"2019-08-28 04:40:07,063",1513,-0.4,43,0.088364
"2019-08-28 04:40:12,485",1514,-0.4,43,0.088357
"2019-08-28 04:40:18,593",1515,-0.3,43,0.088349
"2019-08-28 04:40:24,286",1516,-0.4,43,0.088342
"2019-08-28 04:40:29,920",1517,-0.4,43,0.088335
"2019-08-28 04:40:35,390",1518,-0.4,43,0.088328
"2019-08-28 04:40:40,910",1519,-0.4,43,0.088321
"2019-08-28 04:40:46,384",1520,-0.4,43,0.088314
"2019-08-28 04:40:51,957",1521,-0.4,43,0.088307
"2019-08-28 04:40:57,546",1522,-0.4,43,0.088300
"2019-08-28 04:41:02,917",1523,-0.4,43,0.088293
"2019-08-28 04:41:08,995",1524,-0.3,43,0.088285
"2019-08-28 04:41:15,066",1525,-0.3,43,0.088277
"2019-08-28 04:41:20,634",1526,-0.4,43,0.088270
"2019-08-28 04:41:26,159",1527,-0.4,43,0.088263
"2019-08-28 04:41:32,287",1528,-0.4,43,0.088255
"2019-08-28 04:41:37,672",1529,-0.4,43,0.088248
"2019-08-28 04:41:43,789",1530,-0.4,43,0.088240
"2019-08-28 04:41:49,420",1531,-0.4,43,0.088233
"2019-08-28 04:41:54,959",1532,-0.4,43,0.088226
"2019-08-28 04:42:00,414",1533,-0.4,43,0.088219
"2019-08-28 04:42:05,977",1534,-0.4,43,0.088212
"2019-08-28 04:42:11,469",1535,-0.4,43,0.088205
"2019-08-28 04:42:16,932",1536,-0.5,43,0.088198
"2019-08-28 04:42:22,496",1537,-0.5,43,0.088191
"2019-08-28 04:42:27,913",1538,-0.4,43,0.088184
"2019-08-28 04:42:34,029",1539,-0.3,43,0.088176
"2019-08-28 04:42:39,557",1540,-0.4,43,0.088169
"2019-08-28 04:42:45,062",1541,-0.4,43,0.088162
"2019-08-28 04:42:50,737",1542,-0.5,43,0.088155
"2019-08-28 04:42:56,233",1543,-0.4,43,0.088148
"2019-08-28 04:43:01,972",1544,-0.4,43,0.088141
"2019-08-28 04:43:07,384",1545,-0.4,43,0.088134
"2019-08-28 04:43:12,986",1546,-0.4,43,0.088127
"2019-08-28 04:43:18,750",1547,-0.4,43,0.088120
"2019-08-28 04:43:24,243",1548,-0.4,43,0.088113
"2019-08-28 04:43:29,641",1549,-0.4,43,0.088106
"2019-08-28 04:43:40,503",1550,0.2,43,0.088092
"2019-08-28 04:43:46,120",1551,-0.4,43,0.088085
"2019-08-28 04:43:51,702",1552,-0.4,43,0.088078
"2019-08-28 04:43:57,207",1553,-0.4,43,0.088071
"2019-08-28 04:44:02,635",1554,-0.6,43,0.088064
"2019-08-28 04:44:08,036",1555,-0.4,43,0.088057
"2019-08-28 04:44:13,733",1556,-0.4,43,0.088050
"2019-08-28 04:44:19,283",1557,-0.4,43,0.088043
"2019-08-28 04:44:24,769",1558,-0.4,43,0.088036
"2019-08-28 04:44:30,897",1559,-0.3,43,0.088028
"2019-08-28 04:44:37,016",1560,-0.3,43,0.088020
"2019-08-28 04:44:42,618",1561,-0.4,43,0.088013
"2019-08-28 04:44:48,265",1562,-0.5,43,0.088006
"2019-08-28 04:44:53,725",1563,-0.4,43,0.087999
"2019-08-28 04:44:59,179",1564,-0.6,43,0.087992
"2019-08-28 04:45:04,676",1565,-0.4,43,0.087985
"2019-08-28 04:45:10,304",1566,-0.5,43,0.087978
"2019-08-28 04:45:15,907",1567,-0.4,43,0.087971
"2019-08-28 04:45:21,443",1568,-0.4,43,0.087964
"2019-08-28 04:45:27,503",1569,-0.3,43,0.087956
"2019-08-28 04:45:33,607",1570,-0.3,43,0.087948
"2019-08-28 04:45:39,088",1571,-0.4,43,0.087941
"2019-08-28 04:45:44,663",1572,-0.4,43,0.087934
"2019-08-28 04:45:50,178",1573,-0.5,43,0.087927
"2019-08-28 04:46:01,170",1574,0.1,43,0.087913
"2019-08-28 04:46:07,459",1575,-0.3,43,0.087905
"2019-08-28 04:46:13,024",1576,-0.5,43,0.087898
"2019-08-28 04:46:18,538",1577,-0.5,43,0.087891
"2019-08-28 04:46:24,647",1578,-0.3,43,0.087883
"2019-08-28 04:46:30,856",1579,-0.4,43,0.087875
"2019-08-28 04:46:36,990",1580,-0.3,43,0.087867
"2019-08-28 04:46:42,575",1581,-0.4,43,0.087860
"2019-08-28 04:46:48,180",1582,-0.4,43,0.087853
"2019-08-28 04:46:53,765",1583,-0.4,43,0.087846
"2019-08-28 04:46:59,218",1584,-0.4,43,0.087839
"2019-08-28 04:47:04,699",1585,-0.4,43,0.087832
"2019-08-28 04:47:10,308",1586,-0.5,43,0.087825
"2019-08-28 04:47:15,986",1587,-0.4,43,0.087818
"2019-08-28 04:47:21,557",1588,-0.4,43,0.087811
"2019-08-28 04:47:27,712",1589,-0.3,43,0.087803
"2019-08-28 04:47:33,361",1590,-0.6,43,0.087796
"2019-08-28 04:47:38,915",1591,-0.4,43,0.087789
"2019-08-28 04:47:44,453",1592,-0.4,43,0.087782
"2019-08-28 04:47:49,900",1593,-0.4,42,0.087775
"2019-08-28 04:47:56,121",1594,-0.3,43,0.087767
"2019-08-28 04:48:01,630",1595,-0.5,43,0.087760
"2019-08-28 04:48:07,275",1596,-0.5,43,0.087753
"2019-08-28 04:48:12,851",1597,-0.5,43,0.087746
"2019-08-28 04:48:18,511",1598,-0.4,43,0.087739
"2019-08-28 04:48:23,945",1599,-0.4,43,0.087732
"2019-08-28 04:48:30,031",1600,-0.3,43,0.087724
"2019-08-28 04:48:35,541",1601,-0.4,43,0.087717
"2019-08-28 04:48:41,235",1602,-0.4,43,0.087710
"2019-08-28 04:48:46,725",1603,-0.4,43,0.087703
"2019-08-28 04:48:52,324",1604,-0.4,43,0.087696
"2019-08-28 04:48:57,726",1605,-0.4,43,0.087689
"2019-08-28 04:49:03,282",1606,-0.4,43,0.087682
"2019-08-28 04:49:08,924",1607,-0.4,43,0.087675
"2019-08-28 04:49:14,318",1608,-0.4,43,0.087668
"2019-08-28 04:49:20,452",1609,-0.5,43,0.087660
"2019-08-28 04:49:25,883",1610,-0.4,43,0.087653
"2019-08-28 04:49:31,464",1611,-0.4,43,0.087646
"2019-08-28 04:49:37,038",1612,-0.4,43,0.087639
"2019-08-28 04:49:42,460",1613,-0.5,43,0.087632
"2019-08-28 04:49:48,111",1614,-0.4,43,0.087625
"2019-08-28 04:49:53,513",1615,-0.4,43,0.087618
"2019-08-28 04:49:59,060",1616,-0.5,43,0.087611
"2019-08-28 04:50:04,672",1617,-0.4,43,0.087604
"2019-08-28 04:50:10,177",1618,-0.4,43,0.087597
"2019-08-28 04:50:15,608",1619,-0.4,43,0.087590
"2019-08-28 04:50:21,051",1620,-0.4,43,0.087583
"2019-08-28 04:50:26,761",1621,-0.6,43,0.087576
"2019-08-28 04:50:32,406",1622,-0.5,43,0.087569
"2019-08-28 04:50:37,926",1623,-0.4,43,0.087562
"2019-08-28 04:50:43,411",1624,-0.4,43,0.087555
"2019-08-28 04:50:49,630",1625,-0.3,43,0.087547
"2019-08-28 04:50:55,276",1626,-0.4,43,0.087540
"2019-08-28 04:51:00,826",1627,-0.4,43,0.087533
"2019-08-28 04:51:06,426",1628,-0.4,43,0.087526
"2019-08-28 04:51:12,490",1629,-0.4,43,0.087518
"2019-08-28 04:51:12,490",1630,-0.4,43,0.08
"2019-08-28 04:51:12,490",1631,-0.4,43,0.08
"2019-08-28 04:51:12,490",1632,-0.4,43,0.08
"2019-08-28 04:51:12,490",1633,-0.4,44,0.08
"2019-08-28 04:51:12,490",1634,-0.4,43,0.08
"2019-08-28 04:51:12,490",1635,-0.4,43,0.08
"2019-08-28 04:51:12,490",1636,-0.4,43,0.08
"2019-08-28 04:51:12,490",1637,-0.4,43,0.08
"2019-08-28 04:51:12,490",1638,-0.4,43,0.08
"2019-08-28 04:51:12,490",1639,-0.4,43,0.08
"2019-08-28 04:51:12,490",1640,-0.4,43,0.08
"2019-08-28 04:51:12,490",1641,-0.4,43,0.08
"2019-08-28 04:51:12,490",1642,-0.4,43,0.08
"2019-08-28 04:51:12,490",1643,-0.4,43,0.08
"2019-08-28 04:51:12,490",1644,-0.4,43,0.08
"2019-08-28 04:51:12,490",1645,-0.4,43,0.08
"2019-08-28 04:51:12,490",1646,-0.4,43,0.08
"2019-08-28 04:51:12,490",1647,-0.4,43,0.08
"2019-08-28 04:51:12,490",1648,-0.4,43,0.08
"2019-08-28 04:51:12,490",1649,-0.4,43,0.08
"2019-08-28 04:51:12,490",1650,-0.4,43,0.08
"2019-08-28 04:51:12,490",1651,-0.4,43,0.08
"2019-08-28 04:51:12,490",1652,-0.4,43,0.08
"2019-08-28 04:51:12,490",1653,-0.4,43,0.08
"2019-08-28 04:51:12,490",1654,-0.4,43,0.08
"2019-08-28 04:51:12,490",1655,-0.4,43,0.08
"2019-08-28 04:51:12,490",1656,-0.4,43,0.08
"2019-08-28 04:51:12,490",1657,-0.4,43,0.08
"2019-08-28 04:51:12,490",1658,-0.4,43,0.08
"2019-08-28 04:51:12,490",1659,-0.4,43,0.08
"2019-08-28 04:51:12,490",1660,-0.4,43,0.08
"2019-08-28 04:51:12,490",1661,-0.4,43,0.08
"2019-08-28 04:51:12,490",1662,-0.4,43,0.08
"2019-08-28 04:51:12,490",1663,-0.4,43,0.08
"2019-08-28 04:51:12,490",1664,-0.4,43,0.08
"2019-08-28 04:51:12,490",1665,-0.4,43,0.08
"2019-08-28 04:51:12,490",1666,-0.4,43,0.08
"2019-08-28 04:51:12,490",1667,-0.4,43,0.08
"2019-08-28 04:51:12,490",1668,-0.4,43,0.08
"2019-08-28 04:51:12,490",1669,-0.4,43,0.08
"2019-08-28 04:51:12,490",1670,-0.4,43,0.08
"2019-08-28 04:51:12,490",1671,-0.4,43,0.08
"2019-08-28 04:51:12,490",1672,-0.4,43,0.08
"2019-08-28 04:51:12,490",1673,-0.4,43,0.08
"2019-08-28 04:51:12,490",1674,-0.4,43,0.08
"2019-08-28 04:51:12,490",1675,-0.4,43,0.08
"2019-08-28 04:51:12,490",1676,-0.4,43,0.08
"2019-08-28 04:51:12,490",1677,-0.4,46,0.08
"2019-08-28 04:51:12,490",1678,-0.4,43,0.08
"2019-08-28 04:51:12,490",1679,-0.4,43,0.08
"2019-08-28 04:51:12,490",1680,-0.4,43,0.08
"2019-08-28 04:51:12,490",1681,-0.4,43,0.08
"2019-08-28 04:51:12,490",1682,-0.4,43,0.08
"2019-08-28 04:51:12,490",1683,-0.4,43,0.08
"2019-08-28 04:51:12,490",1684,-0.4,43,0.08
"2019-08-28 04:51:12,490",1685,-0.4,43,0.08
"2019-08-28 04:51:12,490",1686,-0.4,43,0.08
"2019-08-28 04:51:12,490",1687,-0.4,43,0.08
"2019-08-28 04:51:12,490",1688,-0.4,43,0.08
"2019-08-28 04:51:12,490",1689,-0.4,43,0.08
"2019-08-28 04:51:12,490",1690,-0.4,43,0.08
"2019-08-28 04:51:12,490",1691,-0.4,43,0.08
"2019-08-28 04:51:12,490",1692,-0.4,43,0.08
"2019-08-28 04:51:12,490",1693,-0.4,43,0.08
"2019-08-28 04:51:12,490",1694,-0.4,43,0.08
"2019-08-28 04:51:12,490",1695,-0.4,43,0.08
"2019-08-28 04:51:12,490",1696,-0.4,43,0.08
"2019-08-28 04:51:12,490",1697,-0.4,43,0.08
"2019-08-28 04:51:12,490",1698,-0.4,43,0.08
"2019-08-28 04:51:12,490",1699,-0.4,43,0.08
"2019-08-28 04:51:12,490",1700,-0.4,43,0.08
"2019-08-28 04:51:12,490",1701,-0.4,43,0.08
"2019-08-28 04:51:12,490",1702,-0.4,43,0.08
"2019-08-28 04:51:12,490",1703,-0.4,43,0.08
"2019-08-28 04:51:12,490",1704,-0.4,43,0.08
"2019-08-28 04:51:12,490",1705,-0.4,43,0.08
"2019-08-28 04:51:12,490",1706,-0.4,43,0.08
"2019-08-28 04:51:12,490",1707,-0.4,43,0.08
"2019-08-28 04:51:12,490",1708,-0.4,43,0.08
"2019-08-28 04:51:12,490",1709,-0.4,43,0.08
"2019-08-28 04:51:12,490",1710,-0.4,43,0.08
"2019-08-28 04:51:12,490",1711,-0.4,43,0.08
"2019-08-28 04:51:12,490",1712,-0.4,43,0.08
"2019-08-28 04:51:12,490",1713,-0.4,43,0.08
"2019-08-28 04:51:12,490",1714,-0.4,43,0.08
"2019-08-28 04:51:12,490",1715,-0.4,43,0.08
"2019-08-28 04:51:12,490",1716,-0.4,43,0.08
"2019-08-28 04:51:12,490",1717,-0.4,45,0.08
"2019-08-28 04:51:12,490",1718,-0.4,43,0.08
"2019-08-28 04:51:12,490",1719,-0.4,43,0.08
"2019-08-28 04:51:12,490",1720,-0.4,43,0.08
"2019-08-28 04:51:12,490",1721,-0.4,43,0.08
"2019-08-28 04:51:12,490",1722,-0.4,43,0.08
"2019-08-28 04:51:12,490",1723,-0.4,43,0.08
"2019-08-28 04:51:12,490",1724,-0.4,43,0.08
"2019-08-28 04:51:12,490",1725,-0.4,43,0.08
"2019-08-28 04:51:12,490",1726,-0.4,43,0.08
"2019-08-28 04:51:12,490",1727,-0.4,43,0.08
"2019-08-28 04:51:12,490",1728,-0.4,43,0.08
"2019-08-28 04:51:12,490",1729,-0.4,43,0.08
"2019-08-28 04:51:12,490",1730,-0.4,43,0.08
"2019-08-28 04:51:12,490",1731,-0.4,43,0.08
"2019-08-28 04:51:12,490",1732,-0.4,43,0.08
"2019-08-28 04:51:12,490",1733,-0.4,43,0.08
"2019-08-28 04:51:12,490",1734,-0.4,43,0.08
"2019-08-28 04:51:12,490",1735,-0.4,43,0.08
"2019-08-28 04:51:12,490",1736,-0.4,43,0.08
"2019-08-28 04:51:12,490",1737,-0.4,43,0.08
"2019-08-28 04:51:12,490",1738,-0.4,43,0.08
"2019-08-28 04:51:12,490",1739,-0.4,43,0.08
"2019-08-28 04:51:12,490",1740,-0.4,43,0.08
"2019-08-28 04:51:12,490",1741,-0.4,43,0.08
"2019-08-28 04:51:12,490",1742,-0.4,43,0.08
"2019-08-28 04:51:12,490",1743,-0.4,43,0.08
"2019-08-28 04:51:12,490",1744,-0.4,43,0.08
"2019-08-28 04:51:12,490",1745,-0.4,43,0.08
"2019-08-28 04:51:12,490",1746,-0.4,43,0.08
"2019-08-28 04:51:12,490",1747,-0.4,43,0.08
"2019-08-28 04:51:12,490",1748,-0.4,43,0.08
"2019-08-28 04:51:12,490",1749,-0.4,43,0.08
"2019-08-28 04:51:12,490",1750,-0.4,43,0.08
"2019-08-28 04:51:12,490",1751,-0.4,43,0.08
"2019-08-28 04:51:12,490",1752,-0.4,43,0.08
"2019-08-28 04:51:12,490",1753,-0.4,43,0.08
"2019-08-28 04:51:12,490",1754,-0.4,43,0.08
"2019-08-28 04:51:12,490",1755,-0.4,43,0.08
"2019-08-28 04:51:12,490",1756,-0.4,43,0.08
"2019-08-28 04:51:12,490",1757,-0.4,43,0.08
"2019-08-28 04:51:12,490",1758,-0.4,43,0.08
"2019-08-28 04:51:12,490",1759,-0.4,43,0.08
"2019-08-28 04:51:12,490",1760,-0.4,43,0.08
"2019-08-28 04:51:12,490",1761,-0.4,43,0.08
"2019-08-28 04:51:12,490",1762,-0.4,43,0.08
"2019-08-28 04:51:12,490",1763,-0.4,43,0.08
"2019-08-28 04:51:12,490",1764,-0.4,43,0.08
"2019-08-28 04:51:12,490",1765,-0.4,43,0.08
"2019-08-28 04:51:12,490",1766,-0.4,43,0.08
"2019-08-28 04:51:12,490",1767,-0.4,43,0.08
"2019-08-28 04:51:12,490",1768,-0.4,43,0.08
"2019-08-28 04:51:12,490",1769,-0.4,43,0.08
"2019-08-28 04:51:12,490",1770,-0.4,43,0.08
"2019-08-28 04:51:12,490",1771,-0.4,43,0.08
"2019-08-28 04:51:12,490",1772,-0.4,43,0.08
"2019-08-28 04:51:12,490",1773,-0.4,43,0.08
"2019-08-28 04:51:12,490",1774,-0.4,43,0.08
"2019-08-28 04:51:12,490",1775,-0.4,43,0.08
"2019-08-28 04:51:12,490",1776,-0.4,43,0.08
"2019-08-28 04:51:12,490",1777,-0.4,43,0.08
"2019-08-28 04:51:12,490",1778,-0.4,43,0.08
"2019-08-28 04:51:12,490",1779,-0.4,43,0.08
"2019-08-28 04:51:12,490",1780,-0.4,43,0.08
"2019-08-28 04:51:12,490",1781,-0.4,43,0.08
"2019-08-28 04:51:12,490",1782,-0.4,43,0.08
"2019-08-28 04:51:12,490",1783,-0.4,43,0.08
"2019-08-28 04:51:12,490",1784,-0.4,43,0.08
"2019-08-28 04:51:12,490",1785,-0.4,43,0.08
"2019-08-28 04:51:12,490",1786,-0.4,43,0.08
"2019-08-28 04:51:12,490",1787,-0.4,43,0.08
"2019-08-28 04:51:12,490",1788,-0.4,43,0.08
"2019-08-28 04:51:12,490",1789,-0.4,43,0.08
"2019-08-28 04:51:12,490",1790,-0.4,43,0.08
"2019-08-28 04:51:12,490",1791,-0.4,43,0.08
"2019-08-28 04:51:12,490",1792,-0.4,43,0.08
"2019-08-28 04:51:12,490",1793,-0.4,52,0.08
"2019-08-28 04:51:12,490",1794,-0.4,43,0.08
"2019-08-28 04:51:12,490",1795,-0.4,43,0.08
"2019-08-28 04:51:12,490",1796,-0.4,43,0.08
"2019-08-28 04:51:12,490",1797,-0.4,43,0.08
"2019-08-28 04:51:12,490",1798,-0.4,43,0.08
"2019-08-28 04:51:12,490",1799,-0.4,47,0.08
"2019-08-28 04:51:12,490",1800,-0.4,43,0.08
"2019-08-28 04:51:12,490",1801,-0.4,43,0.08
"2019-08-28 04:51:12,490",1802,-0.4,43,0.08
"2019-08-28 04:51:12,490",1803,-0.4,43,0.08
"2019-08-28 04:51:12,490",1804,-0.4,43,0.08
"2019-08-28 04:51:12,490",1805,-0.4,43,0.08
"2019-08-28 04:51:12,490",1806,-0.4,43,0.08
"2019-08-28 04:51:12,490",1807,-0.4,43,0.08
"2019-08-28 04:51:12,490",1808,-0.4,43,0.08
"2019-08-28 04:51:12,490",1809,-0.4,43,0.08
"2019-08-28 04:51:12,490",1810,-0.4,43,0.08
"2019-08-28 04:51:12,490",1811,-0.4,43,0.08
"2019-08-28 04:51:12,490",1812,-0.4,43,0.08
"2019-08-28 04:51:12,490",1813,-0.4,43,0.08
"2019-08-28 04:51:12,490",1814,-0.4,43,0.08
"2019-08-28 04:51:12,490",1815,-0.4,43,0.08
"2019-08-28 04:51:12,490",1816,-0.4,43,0.08
"2019-08-28 04:51:12,490",1817,-0.4,43,0.08
"2019-08-28 04:51:12,490",1818,-0.4,43,0.08
"2019-08-28 04:51:12,490",1819,-0.4,43,0.08
"2019-08-28 04:51:12,490",1820,-0.4,43,0.08
"2019-08-28 04:51:12,490",1821,-0.4,43,0.08
"2019-08-28 04:51:12,490",1822,-0.4,43,0.08
"2019-08-28 04:51:12,490",1823,-0.4,43,0.08
"2019-08-28 04:51:12,490",1824,-0.4,43,0.08
"2019-08-28 04:51:12,490",1825,-0.4,43,0.08
"2019-08-28 04:51:12,490",1826,-0.4,43,0.08
"2019-08-28 04:51:12,490",1827,-0.4,43,0.08
"2019-08-28 04:51:12,490",1828,-0.4,43,0.08
"2019-08-28 04:51:12,490",1829,-0.4,43,0.08
"2019-08-28 04:51:12,490",1830,-0.4,43,0.08
"2019-08-28 04:51:12,490",1831,-0.4,43,0.08
"2019-08-28 04:51:12,490",1832,-0.4,43,0.08
"2019-08-28 04:51:12,490",1833,-0.4,43,0.08
"2019-08-28 04:51:12,490",1834,-0.4,53,0.08
"2019-08-28 04:51:12,490",1835,-0.4,43,0.08
"2019-08-28 04:51:12,490",1836,-0.4,43,0.08
"2019-08-28 04:51:12,490",1837,-0.4,43,0.08
"2019-08-28 04:51:12,490",1838,-0.4,43,0.08
"2019-08-28 04:51:12,490",1839,-0.4,43,0.08
"2019-08-28 04:51:12,490",1840,-0.4,43,0.08
"2019-08-28 04:51:12,490",1841,-0.4,43,0.08
"2019-08-28 04:51:12,490",1842,-0.4,44,0.08
"2019-08-28 04:51:12,490",1843,-0.4,43,0.08
"2019-08-28 04:51:12,490",1844,-0.4,43,0.08
"2019-08-28 04:51:12,490",1845,-0.4,43,0.08
"2019-08-28 04:51:12,490",1846,-0.4,43,0.08
"2019-08-28 04:51:12,490",1847,-0.4,43,0.08
"2019-08-28 04:51:12,490",1848,-0.4,43,0.08
"2019-08-28 04:51:12,490",1849,-0.4,43,0.08
"2019-08-28 04:51:12,490",1850,-0.4,43,0.08
"2019-08-28 04:51:12,490",1851,-0.4,43,0.08
"2019-08-28 04:51:12,490",1852,-0.4,43,0.08
"2019-08-28 04:51:12,490",1853,-0.4,43,0.08
"2019-08-28 04:51:12,490",1854,-0.4,43,0.08
"2019-08-28 04:51:12,490",1855,-0.4,43,0.08
"2019-08-28 04:51:12,490",1856,-0.4,43,0.08
"2019-08-28 04:51:12,490",1857,-0.4,43,0.08
"2019-08-28 04:51:12,490",1858,-0.4,43,0.08
"2019-08-28 04:51:12,490",1859,-0.4,43,0.08
"2019-08-28 04:51:12,490",1860,-0.4,43,0.08
"2019-08-28 04:51:12,490",1861,-0.4,43,0.08
"2019-08-28 04:51:12,490",1862,-0.4,43,0.08
"2019-08-28 04:51:12,490",1863,-0.4,43,0.08
"2019-08-28 04:51:12,490",1864,-0.4,43,0.08
"2019-08-28 04:51:12,490",1865,-0.4,43,0.08
"2019-08-28 04:51:12,490",1866,-0.4,43,0.08
"2019-08-28 04:51:12,490",1867,-0.4,43,0.08
"2019-08-28 04:51:12,490",1868,-0.4,43,0.08
"2019-08-28 04:51:12,490",1869,-0.4,43,0.08
"2019-08-28 04:51:12,490",1870,-0.4,43,0.08
"2019-08-28 04:51:12,490",1871,-0.4,43,0.08
"2019-08-28 04:51:12,490",1872,-0.4,43,0.08
"2019-08-28 04:51:12,490",1873,-0.4,43,0.08
"2019-08-28 04:51:12,490",1874,-0.4,43,0.08
"2019-08-28 04:51:12,490",1875,-0.4,43,0.08
"2019-08-28 04:51:12,490",1876,-0.4,43,0.08
"2019-08-28 04:51:12,490",1877,-0.4,43,0.08
"2019-08-28 04:51:12,490",1878,-0.4,43,0.08
"2019-08-28 04:51:12,490",1879,-0.4,43,0.08
"2019-08-28 04:51:12,490",1880,-0.4,43,0.08
"2019-08-28 04:51:12,490",1881,-0.4,43,0.08
"2019-08-28 04:51:12,490",1882,-0.4,43,0.08
"2019-08-28 04:51:12,490",1883,-0.4,43,0.08
"2019-08-28 04:51:12,490",1884,-0.4,43,0.08
"2019-08-28 04:51:12,490",1885,-0.4,43,0.08
"2019-08-28 04:51:12,490",1886,-0.4,43,0.08
"2019-08-28 04:51:12,490",1887,-0.4,43,0.08
"2019-08-28 04:51:12,490",1888,-0.4,43,0.08
"2019-08-28 04:51:12,490",1889,-0.4,43,0.08
"2019-08-28 04:51:12,490",1890,-0.4,54,0.08
"2019-08-28 04:51:12,490",1891,-0.4,43,0.08
"2019-08-28 04:51:12,490",1892,-0.4,50,0.08
"2019-08-28 04:51:12,490",1893,-0.4,43,0.08
"2019-08-28 04:51:12,490",1894,-0.4,43,0.08
"2019-08-28 04:51:12,490",1895,-0.4,43,0.08
"2019-08-28 04:51:12,490",1896,-0.4,43,0.08
"2019-08-28 04:51:12,490",1897,-0.4,43,0.08
"2019-08-28 04:51:12,490",1898,-0.4,43,0.08
"2019-08-28 04:51:12,490",1899,-0.4,43,0.08
"2019-08-28 04:51:12,490",1900,-0.4,43,0.08
"2019-08-28 04:51:12,490",1901,-0.4,43,0.08
"2019-08-28 04:51:12,490",1902,-0.4,43,0.08
"2019-08-28 04:51:12,490",1903,-0.4,43,0.08
"2019-08-28 04:51:12,490",1904,-0.4,43,0.08
"2019-08-28 04:51:12,490",1905,-0.4,43,0.08
"2019-08-28 04:51:12,490",1906,-0.4,47,0.08
"2019-08-28 04:51:12,490",1907,-0.4,43,0.08
"2019-08-28 04:51:12,490",1908,-0.4,43,0.08
"2019-08-28 04:51:12,490",1909,-0.4,43,0.08
"2019-08-28 04:51:12,490",1910,-0.4,43,0.08
"2019-08-28 04:51:12,490",1911,-0.4,43,0.08
"2019-08-28 04:51:12,490",1912,-0.4,43,0.08
"2019-08-28 04:51:12,490",1913,-0.4,43,0.08
"2019-08-28 04:51:12,490",1914,-0.4,43,0.08
"2019-08-28 04:51:12,490",1915,-0.4,43,0.08
"2019-08-28 04:51:12,490",1916,-0.4,43,0.08
"2019-08-28 04:51:12,490",1917,-0.4,43,0.08
"2019-08-28 04:51:12,490",1918,-0.4,43,0.08
"2019-08-28 04:51:12,490",1919,-0.4,43,0.08
"2019-08-28 04:51:12,490",1920,-0.4,43,0.08
"2019-08-28 04:51:12,490",1921,-0.4,43,0.08
"2019-08-28 04:51:12,490",1922,-0.4,43,0.08
"2019-08-28 04:51:12,490",1923,-0.4,43,0.08
"2019-08-28 04:51:12,490",1924,-0.4,43,0.08
"2019-08-28 04:51:12,490",1925,-0.4,43,0.08
"2019-08-28 04:51:12,490",1926,-0.4,43,0.08
"2019-08-28 04:51:12,490",1927,-0.4,43,0.08
"2019-08-28 04:51:12,490",1928,-0.4,43,0.08
"2019-08-28 04:51:12,490",1929,-0.4,43,0.08
"2019-08-28 04:51:12,490",1930,-0.4,43,0.08
"2019-08-28 04:51:12,490",1931,-0.4,43,0.08
"2019-08-28 04:51:12,490",1932,-0.4,43,0.08
"2019-08-28 04:51:12,490",1933,-0.4,43,0.08
"2019-08-28 04:51:12,490",1934,-0.4,43,0.08
"2019-08-28 04:51:12,490",1935,-0.4,43,0.08
"2019-08-28 04:51:12,490",1936,-0.4,43,0.08
"2019-08-28 04:51:12,490",1937,-0.4,43,0.08
"2019-08-28 04:51:12,490",1938,-0.4,43,0.08
"2019-08-28 04:51:12,490",1939,-0.4,43,0.08
"2019-08-28 04:51:12,490",1940,-0.4,43,0.08
"2019-08-28 04:51:12,490",1941,-0.4,43,0.08
"2019-08-28 04:51:12,490",1942,-0.4,43,0.08
"2019-08-28 04:51:12,490",1944,-0.4,43,0.08
"2019-08-28 04:51:12,490",1945,-0.4,43,0.08
"2019-08-28 04:51:12,490",1946,-0.4,43,0.08
"2019-08-28 04:51:12,490",1947,-0.4,43,0.08
"2019-08-28 04:51:12,490",1948,-0.4,43,0.08
"2019-08-28 04:51:12,490",1949,-0.4,43,0.08
"2019-08-28 04:51:12,490",1950,-0.4,43,0.08
"2019-08-28 04:51:12,490",1951,-0.4,43,0.08
"2019-08-28 04:51:12,490",1952,-0.4,43,0.08
"2019-08-28 04:51:12,490",1953,-0.4,43,0.08
"2019-08-28 04:51:12,490",1954,-0.4,43,0.08
"2019-08-28 04:51:12,490",1955,-0.4,43,0.08
"2019-08-28 04:51:12,490",1956,-0.4,43,0.08
"2019-08-28 04:51:12,490",1957,-0.4,43,0.08
"2019-08-28 04:51:12,490",1958,-0.4,43,0.08
"2019-08-28 04:51:12,490",1959,-0.4,43,0.08
"2019-08-28 04:51:12,490",1960,-0.4,43,0.08
"2019-08-28 04:51:12,490",1961,-0.4,43,0.08
"2019-08-28 04:51:12,490",1962,-0.4,43,0.08
"2019-08-28 04:51:12,490",1963,-0.4,43,0.08
"2019-08-28 04:51:12,490",1964,-0.4,43,0.08
"2019-08-28 04:51:12,490",1965,-0.4,43,0.08
"2019-08-28 04:51:12,490",1966,-0.4,43,0.08
"2019-08-28 04:51:12,490",1967,-0.4,43,0.08
"2019-08-28 04:51:12,490",1968,-0.4,43,0.08
"2019-08-28 04:51:12,490",1969,-0.4,43,0.08
"2019-08-28 04:51:12,490",1970,-0.4,43,0.08
"2019-08-28 04:51:12,490",1971,-0.4,43,0.08
"2019-08-28 04:51:12,490",1972,-0.4,43,0.08
"2019-08-28 04:51:12,490",1973,-0.4,43,0.08
"2019-08-28 04:51:12,490",1974,-0.4,43,0.08
"2019-08-28 04:51:12,490",1975,-0.4,43,0.08
"2019-08-28 04:51:12,490",1976,-0.4,43,0.08
"2019-08-28 04:51:12,490",1977,-0.4,43,0.08
"2019-08-28 04:51:12,490",1978,-0.4,43,0.08
"2019-08-28 04:51:12,490",1979,-0.4,43,0.08
"2019-08-28 04:51:12,490",1980,-0.4,43,0.08
"2019-08-28 04:51:12,490",1981,-0.4,43,0.08
"2019-08-28 04:51:12,490",1982,-0.4,43,0.08
"2019-08-28 04:51:12,490",1983,-0.4,43,0.08
"2019-08-28 04:51:12,490",1984,-0.4,43,0.08
"2019-08-28 04:51:12,490",1985,-0.4,43,0.08
"2019-08-28 04:51:12,490",1986,-0.4,43,0.08
"2019-08-28 04:51:12,490",1987,-0.4,43,0.08
"2019-08-28 04:51:12,490",1988,-0.4,43,0.08
"2019-08-28 04:51:12,490",1989,-0.4,52,0.08
"2019-08-28 04:51:12,490",1990,-0.4,43,0.08
"2019-08-28 04:51:12,490",1991,-0.4,43,0.08
"2019-08-28 04:51:12,490",1992,-0.4,43,0.08
"2019-08-28 04:51:12,490",1993,-0.4,43,0.08
"2019-08-28 04:51:12,490",1994,-0.4,43,0.08
"2019-08-28 04:51:12,490",1995,-0.4,43,0.08
"2019-08-28 04:51:12,490",1996,-0.4,43,0.08
"2019-08-28 04:51:12,490",1997,-0.4,43,0.08
"2019-08-28 04:51:12,490",1998,-0.4,43,0.08
"2019-08-28 04:51:12,490",1999,-0.4,43,0.08
"2019-08-28 04:51:12,490",2000,-0.4,43,0.08
